INSERT INTO `company` (`Name`) VALUES ('Abbott-Olson');
INSERT INTO `company` (`Name`) VALUES ('Adams-Hermann');
INSERT INTO `company` (`Name`) VALUES ('Bauch and Sons');
INSERT INTO `company` (`Name`) VALUES ('Bauch Group');
INSERT INTO `company` (`Name`) VALUES ('Baumbach, Rutherford and Rice');
INSERT INTO `company` (`Name`) VALUES ('Becker-Marvin');
INSERT INTO `company` (`Name`) VALUES ('Beer and Sons');
INSERT INTO `company` (`Name`) VALUES ('Beier Ltd');
INSERT INTO `company` (`Name`) VALUES ('Bernhard, Becker and O\'Connell');
INSERT INTO `company` (`Name`) VALUES ('Blick, Durgan and Bergnaum');
INSERT INTO `company` (`Name`) VALUES ('Bogan, Hammes and Cruickshank');
INSERT INTO `company` (`Name`) VALUES ('Bogisich, Brown and Beahan');
INSERT INTO `company` (`Name`) VALUES ('Boyer-Johns');
INSERT INTO `company` (`Name`) VALUES ('Boyle-Frami');
INSERT INTO `company` (`Name`) VALUES ('Braun-Bahringer');
INSERT INTO `company` (`Name`) VALUES ('Breitenberg-Rohan');
INSERT INTO `company` (`Name`) VALUES ('Cronin Inc');
INSERT INTO `company` (`Name`) VALUES ('Cummings Group');
INSERT INTO `company` (`Name`) VALUES ('D\'Amore and Sons');
INSERT INTO `company` (`Name`) VALUES ('D\'Amore LLC');
INSERT INTO `company` (`Name`) VALUES ('Daniel, Pfeffer and Luettgen');
INSERT INTO `company` (`Name`) VALUES ('Donnelly Group');
INSERT INTO `company` (`Name`) VALUES ('Douglas PLC');
INSERT INTO `company` (`Name`) VALUES ('Durgan, Fritsch and Wilkinson');
INSERT INTO `company` (`Name`) VALUES ('Durgan, Weissnat and Kreiger');
INSERT INTO `company` (`Name`) VALUES ('Ebert-Herman');
INSERT INTO `company` (`Name`) VALUES ('Effertz, Roberts and Ruecker');
INSERT INTO `company` (`Name`) VALUES ('Farrell Inc');
INSERT INTO `company` (`Name`) VALUES ('Feeney-Leannon');
INSERT INTO `company` (`Name`) VALUES ('Feeney, Ritchie and Dibbert');
INSERT INTO `company` (`Name`) VALUES ('Fisher Inc');
INSERT INTO `company` (`Name`) VALUES ('Fisher, Koepp and Nolan');
INSERT INTO `company` (`Name`) VALUES ('Friesen-Powlowski');
INSERT INTO `company` (`Name`) VALUES ('Glover, Waters and Jaskolski');
INSERT INTO `company` (`Name`) VALUES ('Goyette, Hahn and Kautzer');
INSERT INTO `company` (`Name`) VALUES ('Grady-Boyer');
INSERT INTO `company` (`Name`) VALUES ('Greenfelder-Medhurst');
INSERT INTO `company` (`Name`) VALUES ('Greenholt-Daniel');
INSERT INTO `company` (`Name`) VALUES ('Gulgowski, Lemke and Lynch');
INSERT INTO `company` (`Name`) VALUES ('Gulgowski, Pfeffer and Little');
INSERT INTO `company` (`Name`) VALUES ('Gusikowski Ltd');
INSERT INTO `company` (`Name`) VALUES ('Halvorson, Kihn and Ziemann');
INSERT INTO `company` (`Name`) VALUES ('Hansen PLC');
INSERT INTO `company` (`Name`) VALUES ('Hansen-Yost');
INSERT INTO `company` (`Name`) VALUES ('Herman-Bergstrom');
INSERT INTO `company` (`Name`) VALUES ('Hermann, O\'Kon and Funk');
INSERT INTO `company` (`Name`) VALUES ('Hintz-Herman');
INSERT INTO `company` (`Name`) VALUES ('Jacobi PLC');
INSERT INTO `company` (`Name`) VALUES ('Jacobson Group');
INSERT INTO `company` (`Name`) VALUES ('Kassulke and Sons');
INSERT INTO `company` (`Name`) VALUES ('Kling-Koepp');
INSERT INTO `company` (`Name`) VALUES ('Krajcik-Rolfson');
INSERT INTO `company` (`Name`) VALUES ('Krajcik-Strosin');
INSERT INTO `company` (`Name`) VALUES ('Kreiger-Ritchie');
INSERT INTO `company` (`Name`) VALUES ('Larson-Abernathy');
INSERT INTO `company` (`Name`) VALUES ('Leffler and Sons');
INSERT INTO `company` (`Name`) VALUES ('Lemke, Rowe and Hamill');
INSERT INTO `company` (`Name`) VALUES ('Leuschke LLC');
INSERT INTO `company` (`Name`) VALUES ('Leuschke, Treutel and Koch');
INSERT INTO `company` (`Name`) VALUES ('Lubowitz Ltd');
INSERT INTO `company` (`Name`) VALUES ('Macejkovic, Grimes and Robel');
INSERT INTO `company` (`Name`) VALUES ('Maggio, Roob and Stiedemann');
INSERT INTO `company` (`Name`) VALUES ('Mayert and Sons');
INSERT INTO `company` (`Name`) VALUES ('Mills and Sons');
INSERT INTO `company` (`Name`) VALUES ('Mitchell-Kulas');
INSERT INTO `company` (`Name`) VALUES ('Moen Group');
INSERT INTO `company` (`Name`) VALUES ('Mraz, Quitzon and Cole');
INSERT INTO `company` (`Name`) VALUES ('Murazik PLC');
INSERT INTO `company` (`Name`) VALUES ('Nader and Sons');
INSERT INTO `company` (`Name`) VALUES ('Nader, Waelchi and Harber');
INSERT INTO `company` (`Name`) VALUES ('O\'Conner-Becker');
INSERT INTO `company` (`Name`) VALUES ('O\'Reilly-Hoeger');
INSERT INTO `company` (`Name`) VALUES ('Ortiz Group');
INSERT INTO `company` (`Name`) VALUES ('Pfannerstill PLC');
INSERT INTO `company` (`Name`) VALUES ('Pouros Ltd');
INSERT INTO `company` (`Name`) VALUES ('Powlowski PLC');
INSERT INTO `company` (`Name`) VALUES ('Price PLC');
INSERT INTO `company` (`Name`) VALUES ('Prosacco-Weissnat');
INSERT INTO `company` (`Name`) VALUES ('Purdy and Sons');
INSERT INTO `company` (`Name`) VALUES ('Quitzon and Sons');
INSERT INTO `company` (`Name`) VALUES ('Rath, Swift and Heidenreich');
INSERT INTO `company` (`Name`) VALUES ('Rice, Watsica and Swift');
INSERT INTO `company` (`Name`) VALUES ('Robel-Donnelly');
INSERT INTO `company` (`Name`) VALUES ('Roberts-Durgan');
INSERT INTO `company` (`Name`) VALUES ('Romaguera LLC');
INSERT INTO `company` (`Name`) VALUES ('Sawayn and Sons');
INSERT INTO `company` (`Name`) VALUES ('Schaefer-Roob');
INSERT INTO `company` (`Name`) VALUES ('Schneider-Rowe');
INSERT INTO `company` (`Name`) VALUES ('Shields-Jones');
INSERT INTO `company` (`Name`) VALUES ('Smith Inc');
INSERT INTO `company` (`Name`) VALUES ('Streich, Boehm and Becker');
INSERT INTO `company` (`Name`) VALUES ('Tillman-Towne');
INSERT INTO `company` (`Name`) VALUES ('Walter-Windler');
INSERT INTO `company` (`Name`) VALUES ('Wiegand PLC');
INSERT INTO `company` (`Name`) VALUES ('Wisoky and Sons');
INSERT INTO `company` (`Name`) VALUES ('Wiza-Anderson');
INSERT INTO `company` (`Name`) VALUES ('Wolf and Sons');
INSERT INTO `company` (`Name`) VALUES ('Wunsch, Quigley and D\'Amore');
INSERT INTO `company` (`Name`) VALUES ('Zemlak-Mante');
INSERT INTO `company` (`Name`) VALUES ('Ziemann PLC');

INSERT INTO store VALUES
 (10170,'Stokes Ltd','088 Beverly Circles','Yasmineview',26029,'MN','2648633224')
,(10623,'Johnson Ltd','9073 Richie Crossroad','Strosinview',33468,'KY','1958229163')
,(11364,'Cassin-Howe','73763 Muller Centers Apt. 290','Wintheiserland',11961,'VA','4814073042')
,(11972,'Bogan-Blanda','46154 Katrine Point','East Shayneside',62725,'AL','2852291090')
,(12023,'Beer-Flatley','0409 Brielle Roads','West Harrisonbury',97651,'AZ','7749153939')
,(12038,'Price Group','02341 Dach Run Suite 480','Lake Rosina',26216,'AZ','7393657001')
,(12641,'Hahn-Walker','541 Jerrell Oval','Lake Rebekahberg',16707,'VT','4317319315')
,(12792,'Ward, Jaskolski and Berge','466 Heidenreich Trafficway Apt. 463','Carolinashire',67109,'IL','7349597947')
,(13733,'Ondricka, Langosh and Klein','8037 Manuel Roads','Port Elnoraborough',18179,'RI','2706139824')
,(15413,'Feeney Inc','477 Hermann Bridge','Merlbury',96585,'NC','5386893133')
,(15668,'Glover, Friesen and Kautzer','67420 Juvenal Hill Apt. 374','New Cierra',91872,'WA','3126503359')
,(16116,'Boehm Inc','01049 Toy Port','Lindmouth',87609,'NJ','1175197547')
,(17955,'Monahan-Kozey','80007 Dibbert Drive','South Kieranburgh',43423,'AR','2734380980')
,(18336,'Harvey PLC','54799 McGlynn Turnpike','Lake Trey',43398,'NC','8561134348')
,(18609,'Rath-Larson','809 Dameon Coves Apt. 216','New Lupemouth',25092,'ND','1731698238')
,(19386,'Zieme, Wiegand and Morar','926 Kreiger Island Apt. 527','Hazleberg',98614,'TX','6239979663')
,(20113,'Hegmann-Gutmann','52593 Ledner Track','Vonmouth',82567,'FL','3264685711')
,(20308,'Crona PLC','612 Cordia Village','West Juddtown',93288,'MI','4463526755')
,(20430,'Ankunding Inc','46140 Balistreri Parkways Apt. 890','West Raegan',23074,'WI','9643666144')
,(21062,'Orn-Connelly','720 Lindgren Crescent Suite 915','Port Catharinemouth',17246,'MI','6997880155')
,(22257,'Haag-Walker','3902 Lonny Track','West Jamel',91524,'KS','3158541342')
,(23268,'Hartmann Group','168 Cassin Villages','Mariannabury',54848,'NY','6922268530')
,(23427,'Adams and Sons','471 Konopelski Viaduct Suite 422','Rogersshire',86065,'CT','4732006572')
,(23891,'Hand, Stracke and Flatley','2116 Schmitt Road','Alviston',20992,'NY','1555270084')
,(26404,'Bednar Inc','1140 Herzog Station','New Luna',19136,'IA','5951800232')
,(26774,'Maggio Inc','158 Stark Hollow','Gorczanyton',31509,'NY','6141451576')
,(26907,'Reinger-Boyle','1245 Hamill Mills','Champlinland',95822,'OH','5226071987')
,(28598,'Roob, Roob and Rosenbaum','22043 Lakin Row Suite 873','Lorenzoton',82039,'DE','3392394189')
,(33458,'Kutch, Kessler and Murphy','80581 Alexa Point','Kristopherstad',61515,'NE','2564819857')
,(33801,'Dibbert Group','39350 Hauck Lights','Howeville',88379,'OK','5166082140')
,(34136,'West-Dibbert','533 Fadel Locks','West Elvisview',39851,'ID','3199603975')
,(36121,'Conroy Inc','579 Stroman Ramp','South Craigmouth',35878,'OK','7158041485')
,(37078,'Hermiston-Marks','2866 Meredith Curve','Langchester',63270,'HI','1802781094')
,(39040,'Hansen, Weimann and Yundt','77440 Nona Oval','New Josie',17093,'ID','1033152937')
,(39155,'Dooley-Schmitt','51233 Evangeline Ferry','Linneaside',48367,'SD','4969767807')
,(39847,'Thompson Inc','6555 Jalon Field','New Nicholaus',65362,'AR','7389431284')
,(40592,'Kulas, Boehm and Howe','4931 Mohr Ramp Suite 642','Schaeferfort',38983,'HI','8106131399')
,(41153,'Lesch PLC','1272 Anthony Stream Suite 176','Port Rutheborough',18802,'OR','6761099350')
,(41589,'Robel Inc','7912 Collins Meadows','South Dennisfort',22465,'VA','8145248886')
,(43175,'Schiller, Marks and Roob','29338 Kenyon Skyway','Kileyside',32314,'NC','1985937265')
,(44499,'Gleichner-King','606 Harber Forks Suite 999','East Mistyhaven',37918,'MI','2814365714')
,(45953,'Wilkinson, Lindgren and Robel','82827 Bode Brooks Apt. 351','New Vena',67780,'MT','3728510619')
,(46653,'Raynor Group','0771 Green Haven','Toneyberg',64181,'AZ','8681283474')
,(46788,'Schinner Inc','2103 Hazel Villages','West Desmond',58274,'NH','1507459051')
,(46789,'Veum Group','190 Kozey Lights','North Kennith',67807,'CA','7152798263')
,(47899,'Paucek, Ebert and Gutmann','1479 Alexzander Ridges','Glennieberg',14613,'AZ','2496000866')
,(48791,'Schumm PLC','12374 Sonny Cliffs Suite 854','East Murphy',27011,'NJ','4276040386')
,(49237,'Ondricka-Mills','67914 Matilda Springs Apt. 755','Arnaldoburgh',42551,'MN','7552278282')
,(50386,'Walter-Murray','923 Koch Isle Apt. 362','West Elisabeth',20728,'CO','4133776429')
,(52093,'Gleason-Abbott','603 Farrell Mount Apt. 817','Hattieshire',93937,'KY','5788189332')
,(54545,'Hayes, Gutkowski and Lebsack','070 Llewellyn Turnpike','Filomenachester',71222,'MT','7230556395')
,(55130,'Hermiston LLC','4830 Estel Points Suite 335','Lake Anastasiaborough',18367,'IN','5751118922')
,(55804,'Leuschke-Rempel','96233 Columbus Islands','Aileenshire',54047,'KY','9346618172')
,(55947,'Batz-Beatty','025 May Center','Antwanside',75265,'WV','5755410484')
,(56330,'Champlin PLC','59960 Sammy Village Apt. 757','McKenzieborough',87510,'VA','2718883700')
,(58661,'Kulas-Will','06406 Feest Knolls','Port Helenview',66685,'ME','2496346115')
,(59190,'Schamberger-Schimmel','592 Ryan Mills Apt. 366','West Norrisfurt',14972,'WI','7023263113')
,(59420,'Wuckert-Grady','744 Mayert Cliff','Huelbury',70782,'OR','1291118510')
,(61636,'Rogahn-Runolfsson','007 Yundt Lodge Apt. 875','South Susan',52919,'VT','3640102816')
,(62148,'Kunze, Kirlin and Herman','98682 Schulist Wells','West Michealstad',58864,'UT','3047528385')
,(62321,'Huels, Stroman and Barton','2559 Green Drive','South Chaya',12868,'WI','3872869838')
,(62513,'Okuneva Inc','83296 Champlin Junctions','Lake Bertram',81541,'NJ','6056374345')
,(63012,'Howell-Collins','12777 Hauck Cape Apt. 732','Evelynview',55906,'CO','8688375098')
,(63145,'Rodriguez, Spinka and Williamson','8188 Jabari Port','Lake Harmon',46324,'ND','7086300137')
,(64257,'Doyle-Roberts','53397 Randy Corner Suite 139','West Kylee',78864,'OH','7555596210')
,(65346,'Crooks and Sons','9337 Vandervort Haven','Erinview',35706,'WY','8087011752')
,(66623,'Hilll Ltd','7572 Coty Squares Apt. 189','East Catalinaberg',86598,'NY','9228684643')
,(66652,'Cummings, Swift and Lind','9159 Legros Harbors Suite 376','Port Darion',25348,'UT','9189812449')
,(66656,'Mertz, Homenick and Hudson','195 Elwyn Mill','North Jordon',24471,'MA','4892322831')
,(67015,'Bartoletti-Thompson','69136 Jean Avenue Suite 628','Katelinmouth',55979,'GA','4011191081')
,(67300,'Zulauf-Grant','18098 Hilda Parkway','Eloisemouth',68918,'TN','1526162121')
,(67811,'Rodriguez and Sons','695 McCullough Dale Apt. 139','Port Aurelioside',33529,'PA','5583671895')
,(68052,'Balistreri PLC','001 Hermiston Drive','Kshlerinton',23593,'OR','2444604787')
,(72806,'Fritsch-Rath','96446 Emmerich Hollow Suite 202','Martaton',99496,'KS','6663338453')
,(75563,'Shanahan, Schaefer and Steuber','337 Heathcote Junction Suite 012','Kreigerburgh',47209,'CO','1623779782')
,(76675,'Zboncak Ltd','027 Mayert Trail','North Jadenside',94881,'GA','9602501545')
,(77125,'Zulauf-Konopelski','4702 Maggio Court','Freedaton',57632,'SC','4035687766')
,(78645,'Denesik-Gulgowski','55103 Aliyah Parkways','Antonettaburgh',85090,'WI','2067377944')
,(80289,'Rice, Hermiston and Walsh','15101 Kreiger Lakes Suite 315','Americafurt',53211,'NE','7760069524')
,(81362,'Rohan, Price and Muller','6770 Angelica Plain','Juliusfurt',40196,'MA','3950318014')
,(82509,'Lakin Ltd','51096 Steuber Turnpike','Jerrodview',86100,'AZ','5883571017')
,(82987,'Hessel-Harris','31056 Schuppe Alley Apt. 452','East Kennedyville',47893,'GA','2266354197')
,(83043,'Wuckert LLC','120 Larson Street Suite 010','Powlowskishire',99527,'FL','6126379563')
,(83128,'Dicki-Nitzsche','57247 Myles Viaduct Suite 464','South Reneehaven',69735,'KS','6508394443')
,(84001,'Glover-Hayes','680 Dedric Mills','East Brayanland',44680,'ID','2088081722')
,(85773,'Mosciski Inc','01809 Shayna Plains','South Camila',80680,'SD','1129652940')
,(85811,'Torp Inc','0432 Bernadette Harbors Suite 576','West Chanelberg',58984,'MO','8460221402')
,(86128,'Mann-Boyle','25146 Purdy Course','Staceyville',34559,'SC','8081717160')
,(87601,'Cartwright-Hansen','11583 Schroeder Lodge','Sporerchester',44835,'WV','1962531387')
,(87952,'McLaughlin-Greenfelder','717 Carroll Summit Suite 668','Reingerfurt',18457,'NY','9476494159')
,(88565,'Emard, Kovacek and Marquardt','815 Lavinia Knolls Suite 491','Ziemeshire',43284,'IN','6089485667')
,(91102,'Raynor, Beatty and Graham','674 Maribel Springs','Albertville',39981,'CO','4940080237')
,(92031,'Botsford, Bayer and Abshire','1942 Lila Street Apt. 439','Boscoshire',51658,'NH','2424011077')
,(92602,'Kertzmann and Sons','616 Sedrick Mountains','North Jessieport',47863,'KY','8056946967')
,(92702,'Pfannerstill-Bins','270 Stoltenberg Fork Suite 869','Anastasiaburgh',46960,'ME','4496242754')
,(94303,'Herzog Inc','672 Lockman Isle','Trevaton',30487,'TX','6471554733')
,(96438,'Howe-Rath','5961 Wiegand Place Apt. 235','East Dillanfort',16737,'GA','4055213121')
,(96994,'White-Jenkins','1988 Martina Glen','Yasminland',47012,'LA','4675286761')
,(98951,'Lubowitz Ltd','686 Bessie Rapid','Pierceshire',32743,'NE','8854449409')
,(99437,'Cummerata LLC','93303 Swift Path Apt. 417','Friesenstad',15623,'MA','5501130596');



INSERT INTO item VALUES
 (12908337,'New',866,'Ghana','voluptate')
,(13416487,'New',710,'Romania','aut')
,(13707961,'New',730,'Kiribati','molestias')
,(14101293,'New',199,'Sao Tome and Principe','fugiat')
,(14718436,'New',405,'Cape Verde','dolorum')
,(14936189,'New',345,'Kuwait','consequatur')
,(17039564,'New',451,'Botswana','dolor')
,(17167662,'New',624,'Hong Kong','maxime')
,(19108246,'New',325,'Belarus','qui')
,(20053970,'New',3,'Greece','quos')
,(21784758,'New',772,'United Kingdom','fuga')
,(22319874,'New',686,'Solomon Islands','iste')
,(22916299,'New',327,'Syrian Arab Republic','vitae')
,(23209036,'New',572,'Romania','quis')
,(23856232,'New',881,'Tokelau','atque')
,(24339391,'New',923,'Pitcairn Islands','ratione')
,(26527839,'New',18,'Azerbaijan','voluptatum')
,(26551174,'New',827,'Korea','est')
,(27991525,'New',437,'Aruba','ipsa')
,(28195562,'New',1000,'Kuwait','voluptatem')
,(29422640,'New',552,'Christmas Island','voluptates')
,(33022821,'New',781,'Azerbaijan','dolorem')
,(33088304,'New',451,'Svalbard & Jan Mayen Islands','non')
,(33203100,'New',881,'Cocos (Keeling) Islands','rerum')
,(33240343,'New',853,'Malta','quibusdam')
,(33479338,'New',751,'Dominican Republic','assumenda')
,(33583277,'New',917,'Netherlands Antilles','quasi')
,(33944981,'New',379,'Svalbard & Jan Mayen Islands','ea')
,(34030672,'New',820,'Iraq','placeat')
,(34604413,'New',156,'Uganda','deleniti')
,(34729873,'New',167,'Micronesia','tempora')
,(34888340,'New',352,'Cambodia','facere')
,(36650562,'New',324,'Albania','occaecati')
,(37543453,'New',728,'Russian Federation','impedit')
,(40001360,'New',509,'Peru','voluptatem')
,(40543363,'New',15,'Slovakia (Slovak Republic)','sed')
,(42483077,'New',841,'Micronesia','non')
,(42566435,'New',919,'Ethiopia','consectetur')
,(42682192,'New',910,'Finland','dolor')
,(44332664,'New',815,'United States Minor Outlying Islands','quibusdam')
,(45074443,'New',599,'Saint Vincent and the Grenadines','non')
,(48248642,'New',719,'Bulgaria','voluptas')
,(48875857,'New',155,'Syrian Arab Republic','ex')
,(49698587,'New',703,'Tuvalu','eos')
,(50953324,'New',756,'Sao Tome and Principe','at')
,(51375043,'New',981,'Bermuda','et')
,(51972186,'New',689,'Morocco','in')
,(52309467,'Used',32,'South Georgia and the South Sandwich Islands','neque')
,(52736506,'Used',383,'Finland','fuga')
,(53108670,'Used',426,'Wallis and Futuna','minus')
,(54157706,'Used',197,'Iraq','quo')
,(55824954,'Used',671,'Bolivia','expedita')
,(56350587,'Used',915,'Turkey','omnis')
,(57071215,'Used',342,'Nepal','modi')
,(57454246,'Used',623,'Nauru','ut')
,(58732634,'Used',14,'Kenya','quo')
,(58983148,'Used',545,'Bosnia and Herzegovina','itaque')
,(59016638,'Used',663,'Czech Republic','dicta')
,(60073587,'Used',690,'Finland','quaerat')
,(62445878,'Used',720,'Jordan','sint')
,(63563653,'Used',126,'Jersey','aliquid')
,(65398862,'Used',441,'Togo','quos')
,(65728472,'Used',448,'Macedonia','quia')
,(66525033,'Used',523,'Bahrain','qui')
,(66665356,'Used',700,'Bouvet Island (Bouvetoya)','et')
,(66856849,'Used',853,'Saint Lucia','delectus')
,(68376318,'Used',429,'Kiribati','magnam')
,(68841198,'Used',136,'Guinea','molestias')
,(68883175,'Used',803,'Antigua and Barbuda','perferendis')
,(70153813,'Used',534,'Turkmenistan','dolorum')
,(70391719,'Used',827,'Singapore','architecto')
,(72547256,'Used',93,'Fiji','veniam')
,(74134625,'Used',83,'Macao','omnis')
,(74505072,'Used',547,'Montenegro','at')
,(75213160,'Used',148,'Burundi','consequatur')
,(75412890,'Used',33,'Kenya','quidem')
,(75718903,'Used',122,'Dominican Republic','fugiat')
,(77279111,'Used',278,'Holy See (Vatican City State)','asperiores')
,(78140704,'Used',629,'Niger','omnis')
,(78373017,'Used',67,'Romania','reprehenderit')
,(79657526,'Used',37,'Bhutan','molestiae')
,(79872832,'Used',9,'Poland','incidunt')
,(80264226,'Used',507,'Mexico','modi')
,(81016581,'Used',701,'Paraguay','incidunt')
,(81342756,'Used',736,'Barbados','consequatur')
,(81636601,'Used',732,'Poland','tenetur')
,(82716447,'Used',559,'Micronesia','et')
,(84868637,'Used',317,'British Indian Ocean Territory (Chagos Archip','placeat')
,(85663097,'Used',97,'Chad','molestiae')
,(89015083,'Used',783,'Samoa','magnam')
,(90058880,'Used',758,'Poland','ut')
,(92232363,'Used',488,'Mali','doloribus')
,(94005467,'Used',600,'Mexico','quas')
,(94288459,'Used',705,'Mali','dolor')
,(94851912,'Used',273,'Saint Barthelemy','voluptatem')
,(95275249,'Used',360,'Saint Vincent and the Grenadines','ratione')
,(95991614,'Used',637,'Guam','sint')
,(96055071,'Used',848,'Dominican Republic','autem')
,(97939964,'Used',968,'Cambodia','qui')
,(99067190,'Used',123,'Estonia','sit');

INSERT INTO `owns` (`CompanyName`, `StoreID`) VALUES ('Abbott-Olson', 10170);
INSERT INTO `owns` (`CompanyName`, `StoreID`) VALUES ('Adams-Hermann', 10623);
INSERT INTO `owns` (`CompanyName`, `StoreID`) VALUES ('Bauch and Sons', 11364);
INSERT INTO `owns` (`CompanyName`, `StoreID`) VALUES ('Bauch Group', 11972);
INSERT INTO `owns` (`CompanyName`, `StoreID`) VALUES ('Baumbach, Rutherford and Rice', 12023);
INSERT INTO `owns` (`CompanyName`, `StoreID`) VALUES ('Becker-Marvin', 12038);
INSERT INTO `owns` (`CompanyName`, `StoreID`) VALUES ('Beer and Sons', 12641);
INSERT INTO `owns` (`CompanyName`, `StoreID`) VALUES ('Beier Ltd', 12792);
INSERT INTO `owns` (`CompanyName`, `StoreID`) VALUES ('Bernhard, Becker and O\'Connell', 13733);
INSERT INTO `owns` (`CompanyName`, `StoreID`) VALUES ('Blick, Durgan and Bergnaum', 15413);
INSERT INTO `owns` (`CompanyName`, `StoreID`) VALUES ('Bogan, Hammes and Cruickshank', 15668);
INSERT INTO `owns` (`CompanyName`, `StoreID`) VALUES ('Bogisich, Brown and Beahan', 16116);
INSERT INTO `owns` (`CompanyName`, `StoreID`) VALUES ('Boyer-Johns', 17955);
INSERT INTO `owns` (`CompanyName`, `StoreID`) VALUES ('Boyle-Frami', 18336);
INSERT INTO `owns` (`CompanyName`, `StoreID`) VALUES ('Braun-Bahringer', 18609);
INSERT INTO `owns` (`CompanyName`, `StoreID`) VALUES ('Breitenberg-Rohan', 19386);
INSERT INTO `owns` (`CompanyName`, `StoreID`) VALUES ('Cronin Inc', 20113);
INSERT INTO `owns` (`CompanyName`, `StoreID`) VALUES ('Cummings Group', 20308);
INSERT INTO `owns` (`CompanyName`, `StoreID`) VALUES ('D\'Amore and Sons', 20430);
INSERT INTO `owns` (`CompanyName`, `StoreID`) VALUES ('D\'Amore LLC', 21062);
INSERT INTO `owns` (`CompanyName`, `StoreID`) VALUES ('Daniel, Pfeffer and Luettgen', 22257);
INSERT INTO `owns` (`CompanyName`, `StoreID`) VALUES ('Donnelly Group', 23268);
INSERT INTO `owns` (`CompanyName`, `StoreID`) VALUES ('Douglas PLC', 23427);
INSERT INTO `owns` (`CompanyName`, `StoreID`) VALUES ('Durgan, Fritsch and Wilkinson', 23891);
INSERT INTO `owns` (`CompanyName`, `StoreID`) VALUES ('Durgan, Weissnat and Kreiger', 26404);
INSERT INTO `owns` (`CompanyName`, `StoreID`) VALUES ('Ebert-Herman', 26774);
INSERT INTO `owns` (`CompanyName`, `StoreID`) VALUES ('Effertz, Roberts and Ruecker', 26907);
INSERT INTO `owns` (`CompanyName`, `StoreID`) VALUES ('Farrell Inc', 28598);
INSERT INTO `owns` (`CompanyName`, `StoreID`) VALUES ('Feeney-Leannon', 33458);
INSERT INTO `owns` (`CompanyName`, `StoreID`) VALUES ('Feeney, Ritchie and Dibbert', 33801);
INSERT INTO `owns` (`CompanyName`, `StoreID`) VALUES ('Fisher Inc', 34136);
INSERT INTO `owns` (`CompanyName`, `StoreID`) VALUES ('Fisher, Koepp and Nolan', 36121);
INSERT INTO `owns` (`CompanyName`, `StoreID`) VALUES ('Friesen-Powlowski', 37078);
INSERT INTO `owns` (`CompanyName`, `StoreID`) VALUES ('Glover, Waters and Jaskolski', 39040);
INSERT INTO `owns` (`CompanyName`, `StoreID`) VALUES ('Goyette, Hahn and Kautzer', 39155);
INSERT INTO `owns` (`CompanyName`, `StoreID`) VALUES ('Grady-Boyer', 39847);
INSERT INTO `owns` (`CompanyName`, `StoreID`) VALUES ('Greenfelder-Medhurst', 40592);
INSERT INTO `owns` (`CompanyName`, `StoreID`) VALUES ('Greenholt-Daniel', 41153);
INSERT INTO `owns` (`CompanyName`, `StoreID`) VALUES ('Gulgowski, Lemke and Lynch', 41589);
INSERT INTO `owns` (`CompanyName`, `StoreID`) VALUES ('Gulgowski, Pfeffer and Little', 43175);
INSERT INTO `owns` (`CompanyName`, `StoreID`) VALUES ('Gusikowski Ltd', 44499);
INSERT INTO `owns` (`CompanyName`, `StoreID`) VALUES ('Halvorson, Kihn and Ziemann', 45953);
INSERT INTO `owns` (`CompanyName`, `StoreID`) VALUES ('Hansen PLC', 46653);
INSERT INTO `owns` (`CompanyName`, `StoreID`) VALUES ('Hansen-Yost', 46788);
INSERT INTO `owns` (`CompanyName`, `StoreID`) VALUES ('Herman-Bergstrom', 46789);
INSERT INTO `owns` (`CompanyName`, `StoreID`) VALUES ('Hermann, O\'Kon and Funk', 47899);
INSERT INTO `owns` (`CompanyName`, `StoreID`) VALUES ('Hintz-Herman', 48791);
INSERT INTO `owns` (`CompanyName`, `StoreID`) VALUES ('Jacobi PLC', 49237);
INSERT INTO `owns` (`CompanyName`, `StoreID`) VALUES ('Jacobson Group', 50386);
INSERT INTO `owns` (`CompanyName`, `StoreID`) VALUES ('Kassulke and Sons', 52093);
INSERT INTO `owns` (`CompanyName`, `StoreID`) VALUES ('Kling-Koepp', 54545);
INSERT INTO `owns` (`CompanyName`, `StoreID`) VALUES ('Krajcik-Rolfson', 55130);
INSERT INTO `owns` (`CompanyName`, `StoreID`) VALUES ('Krajcik-Strosin', 55804);
INSERT INTO `owns` (`CompanyName`, `StoreID`) VALUES ('Kreiger-Ritchie', 55947);
INSERT INTO `owns` (`CompanyName`, `StoreID`) VALUES ('Larson-Abernathy', 56330);
INSERT INTO `owns` (`CompanyName`, `StoreID`) VALUES ('Leffler and Sons', 58661);
INSERT INTO `owns` (`CompanyName`, `StoreID`) VALUES ('Lemke, Rowe and Hamill', 59190);
INSERT INTO `owns` (`CompanyName`, `StoreID`) VALUES ('Leuschke LLC', 59420);
INSERT INTO `owns` (`CompanyName`, `StoreID`) VALUES ('Leuschke, Treutel and Koch', 61636);
INSERT INTO `owns` (`CompanyName`, `StoreID`) VALUES ('Lubowitz Ltd', 62148);
INSERT INTO `owns` (`CompanyName`, `StoreID`) VALUES ('Macejkovic, Grimes and Robel', 62321);
INSERT INTO `owns` (`CompanyName`, `StoreID`) VALUES ('Maggio, Roob and Stiedemann', 62513);
INSERT INTO `owns` (`CompanyName`, `StoreID`) VALUES ('Mayert and Sons', 63012);
INSERT INTO `owns` (`CompanyName`, `StoreID`) VALUES ('Mills and Sons', 63145);
INSERT INTO `owns` (`CompanyName`, `StoreID`) VALUES ('Mitchell-Kulas', 64257);
INSERT INTO `owns` (`CompanyName`, `StoreID`) VALUES ('Moen Group', 65346);
INSERT INTO `owns` (`CompanyName`, `StoreID`) VALUES ('Mraz, Quitzon and Cole', 66623);
INSERT INTO `owns` (`CompanyName`, `StoreID`) VALUES ('Murazik PLC', 66652);
INSERT INTO `owns` (`CompanyName`, `StoreID`) VALUES ('Nader and Sons', 66656);
INSERT INTO `owns` (`CompanyName`, `StoreID`) VALUES ('Nader, Waelchi and Harber', 67015);
INSERT INTO `owns` (`CompanyName`, `StoreID`) VALUES ('O\'Conner-Becker', 67300);
INSERT INTO `owns` (`CompanyName`, `StoreID`) VALUES ('O\'Reilly-Hoeger', 67811);
INSERT INTO `owns` (`CompanyName`, `StoreID`) VALUES ('Ortiz Group', 68052);
INSERT INTO `owns` (`CompanyName`, `StoreID`) VALUES ('Pfannerstill PLC', 72806);
INSERT INTO `owns` (`CompanyName`, `StoreID`) VALUES ('Pouros Ltd', 75563);
INSERT INTO `owns` (`CompanyName`, `StoreID`) VALUES ('Powlowski PLC', 76675);
INSERT INTO `owns` (`CompanyName`, `StoreID`) VALUES ('Price PLC', 77125);
INSERT INTO `owns` (`CompanyName`, `StoreID`) VALUES ('Prosacco-Weissnat', 78645);
INSERT INTO `owns` (`CompanyName`, `StoreID`) VALUES ('Purdy and Sons', 80289);
INSERT INTO `owns` (`CompanyName`, `StoreID`) VALUES ('Quitzon and Sons', 81362);
INSERT INTO `owns` (`CompanyName`, `StoreID`) VALUES ('Rath, Swift and Heidenreich', 82509);
INSERT INTO `owns` (`CompanyName`, `StoreID`) VALUES ('Rice, Watsica and Swift', 82987);
INSERT INTO `owns` (`CompanyName`, `StoreID`) VALUES ('Robel-Donnelly', 83043);
INSERT INTO `owns` (`CompanyName`, `StoreID`) VALUES ('Roberts-Durgan', 83128);
INSERT INTO `owns` (`CompanyName`, `StoreID`) VALUES ('Romaguera LLC', 84001);
INSERT INTO `owns` (`CompanyName`, `StoreID`) VALUES ('Sawayn and Sons', 85773);
INSERT INTO `owns` (`CompanyName`, `StoreID`) VALUES ('Schaefer-Roob', 85811);
INSERT INTO `owns` (`CompanyName`, `StoreID`) VALUES ('Schneider-Rowe', 86128);
INSERT INTO `owns` (`CompanyName`, `StoreID`) VALUES ('Shields-Jones', 87601);
INSERT INTO `owns` (`CompanyName`, `StoreID`) VALUES ('Smith Inc', 87952);
INSERT INTO `owns` (`CompanyName`, `StoreID`) VALUES ('Streich, Boehm and Becker', 88565);
INSERT INTO `owns` (`CompanyName`, `StoreID`) VALUES ('Tillman-Towne', 91102);
INSERT INTO `owns` (`CompanyName`, `StoreID`) VALUES ('Walter-Windler', 92031);
INSERT INTO `owns` (`CompanyName`, `StoreID`) VALUES ('Wiegand PLC', 92602);
INSERT INTO `owns` (`CompanyName`, `StoreID`) VALUES ('Wisoky and Sons', 92702);
INSERT INTO `owns` (`CompanyName`, `StoreID`) VALUES ('Wiza-Anderson', 94303);
INSERT INTO `owns` (`CompanyName`, `StoreID`) VALUES ('Wolf and Sons', 96438);
INSERT INTO `owns` (`CompanyName`, `StoreID`) VALUES ('Wunsch, Quigley and D\'Amore', 96994);
INSERT INTO `owns` (`CompanyName`, `StoreID`) VALUES ('Zemlak-Mante', 98951);
INSERT INTO `owns` (`CompanyName`, `StoreID`) VALUES ('Ziemann PLC', 99437);

INSERT INTO `reviewer` (`Username`) VALUES ('abbott.emery');
INSERT INTO `reviewer` (`Username`) VALUES ('ahammes');
INSERT INTO `reviewer` (`Username`) VALUES ('anderson.daphney');
INSERT INTO `reviewer` (`Username`) VALUES ('annalise85');
INSERT INTO `reviewer` (`Username`) VALUES ('antonio.aufderhar');
INSERT INTO `reviewer` (`Username`) VALUES ('astreich');
INSERT INTO `reviewer` (`Username`) VALUES ('ayana24');
INSERT INTO `reviewer` (`Username`) VALUES ('barton54');
INSERT INTO `reviewer` (`Username`) VALUES ('beahan.troy');
INSERT INTO `reviewer` (`Username`) VALUES ('bergnaum.arielle');
INSERT INTO `reviewer` (`Username`) VALUES ('bernardo76');
INSERT INTO `reviewer` (`Username`) VALUES ('bogisich.abe');
INSERT INTO `reviewer` (`Username`) VALUES ('brandyn22');
INSERT INTO `reviewer` (`Username`) VALUES ('brock99');
INSERT INTO `reviewer` (`Username`) VALUES ('casper.price');
INSERT INTO `reviewer` (`Username`) VALUES ('christina.jacobson');
INSERT INTO `reviewer` (`Username`) VALUES ('collins.junius');
INSERT INTO `reviewer` (`Username`) VALUES ('corene22');
INSERT INTO `reviewer` (`Username`) VALUES ('corwin.meredith');
INSERT INTO `reviewer` (`Username`) VALUES ('cristina.thiel');
INSERT INTO `reviewer` (`Username`) VALUES ('d\'angelo25');
INSERT INTO `reviewer` (`Username`) VALUES ('darren.stamm');
INSERT INTO `reviewer` (`Username`) VALUES ('darron29');
INSERT INTO `reviewer` (`Username`) VALUES ('davion.kub');
INSERT INTO `reviewer` (`Username`) VALUES ('deven76');
INSERT INTO `reviewer` (`Username`) VALUES ('ellen.murray');
INSERT INTO `reviewer` (`Username`) VALUES ('elliott.kris');
INSERT INTO `reviewer` (`Username`) VALUES ('ephraim39');
INSERT INTO `reviewer` (`Username`) VALUES ('erich32');
INSERT INTO `reviewer` (`Username`) VALUES ('fleta75');
INSERT INTO `reviewer` (`Username`) VALUES ('franco.corwin');
INSERT INTO `reviewer` (`Username`) VALUES ('funk.brando');
INSERT INTO `reviewer` (`Username`) VALUES ('gshields');
INSERT INTO `reviewer` (`Username`) VALUES ('hazle13');
INSERT INTO `reviewer` (`Username`) VALUES ('hills.cleta');
INSERT INTO `reviewer` (`Username`) VALUES ('homenick.nina');
INSERT INTO `reviewer` (`Username`) VALUES ('howell.kristy');
INSERT INTO `reviewer` (`Username`) VALUES ('hparisian');
INSERT INTO `reviewer` (`Username`) VALUES ('hyatt.lee');
INSERT INTO `reviewer` (`Username`) VALUES ('isobel.lakin');
INSERT INTO `reviewer` (`Username`) VALUES ('jerde.jessyca');
INSERT INTO `reviewer` (`Username`) VALUES ('jeremie86');
INSERT INTO `reviewer` (`Username`) VALUES ('joany63');
INSERT INTO `reviewer` (`Username`) VALUES ('johanna.barton');
INSERT INTO `reviewer` (`Username`) VALUES ('june31');
INSERT INTO `reviewer` (`Username`) VALUES ('kassandra.krajcik');
INSERT INTO `reviewer` (`Username`) VALUES ('kenna.tremblay');
INSERT INTO `reviewer` (`Username`) VALUES ('kovacek.jessika');
INSERT INTO `reviewer` (`Username`) VALUES ('kristofer13');
INSERT INTO `reviewer` (`Username`) VALUES ('letha.daniel');
INSERT INTO `reviewer` (`Username`) VALUES ('lgreenfelder');
INSERT INTO `reviewer` (`Username`) VALUES ('lisa.turcotte');
INSERT INTO `reviewer` (`Username`) VALUES ('lucile.prosacco');
INSERT INTO `reviewer` (`Username`) VALUES ('macy.parisian');
INSERT INTO `reviewer` (`Username`) VALUES ('madelynn71');
INSERT INTO `reviewer` (`Username`) VALUES ('manuel90');
INSERT INTO `reviewer` (`Username`) VALUES ('maribel.rutherford');
INSERT INTO `reviewer` (`Username`) VALUES ('mariela53');
INSERT INTO `reviewer` (`Username`) VALUES ('marlen41');
INSERT INTO `reviewer` (`Username`) VALUES ('mazie90');
INSERT INTO `reviewer` (`Username`) VALUES ('mcdermott.afton');
INSERT INTO `reviewer` (`Username`) VALUES ('miles61');
INSERT INTO `reviewer` (`Username`) VALUES ('mohammad59');
INSERT INTO `reviewer` (`Username`) VALUES ('mwitting');
INSERT INTO `reviewer` (`Username`) VALUES ('myah48');
INSERT INTO `reviewer` (`Username`) VALUES ('nathen20');
INSERT INTO `reviewer` (`Username`) VALUES ('naufderhar');
INSERT INTO `reviewer` (`Username`) VALUES ('o\'conner.corbin');
INSERT INTO `reviewer` (`Username`) VALUES ('ohuel');
INSERT INTO `reviewer` (`Username`) VALUES ('orlo.hills');
INSERT INTO `reviewer` (`Username`) VALUES ('otillman');
INSERT INTO `reviewer` (`Username`) VALUES ('ottis18');
INSERT INTO `reviewer` (`Username`) VALUES ('phessel');
INSERT INTO `reviewer` (`Username`) VALUES ('qmonahan');
INSERT INTO `reviewer` (`Username`) VALUES ('rasheed.gusikowski');
INSERT INTO `reviewer` (`Username`) VALUES ('rory15');
INSERT INTO `reviewer` (`Username`) VALUES ('rowena.hoeger');
INSERT INTO `reviewer` (`Username`) VALUES ('sarah94');
INSERT INTO `reviewer` (`Username`) VALUES ('satterfield.destiny');
INSERT INTO `reviewer` (`Username`) VALUES ('schulist.cruz');
INSERT INTO `reviewer` (`Username`) VALUES ('sebastian65');
INSERT INTO `reviewer` (`Username`) VALUES ('shills');
INSERT INTO `reviewer` (`Username`) VALUES ('sipes.mckenzie');
INSERT INTO `reviewer` (`Username`) VALUES ('skyla.jerde');
INSERT INTO `reviewer` (`Username`) VALUES ('tjohns');
INSERT INTO `reviewer` (`Username`) VALUES ('trantow.watson');
INSERT INTO `reviewer` (`Username`) VALUES ('trogahn');
INSERT INTO `reviewer` (`Username`) VALUES ('tzulauf');
INSERT INTO `reviewer` (`Username`) VALUES ('uframi');
INSERT INTO `reviewer` (`Username`) VALUES ('uhowell');
INSERT INTO `reviewer` (`Username`) VALUES ('ujohnston');
INSERT INTO `reviewer` (`Username`) VALUES ('vita.dooley');
INSERT INTO `reviewer` (`Username`) VALUES ('vito.glover');
INSERT INTO `reviewer` (`Username`) VALUES ('vkertzmann');
INSERT INTO `reviewer` (`Username`) VALUES ('wilderman.anabelle');
INSERT INTO `reviewer` (`Username`) VALUES ('wiza.damian');
INSERT INTO `reviewer` (`Username`) VALUES ('wolff.morris');
INSERT INTO `reviewer` (`Username`) VALUES ('yoshiko.kassulke');
INSERT INTO `reviewer` (`Username`) VALUES ('yost.laurel');
INSERT INTO `reviewer` (`Username`) VALUES ('yvon');

INSERT INTO `review` (`ReviewID`, `Content`, `Rating`, `ReviewerName`) VALUES (10035036, 'Quis voluptatem aperiam molestiae ut maiores. Minus repellat veniam repellat dicta. Quae voluptas id fugit sed.', 1, 'corene22');
INSERT INTO `review` (`ReviewID`, `Content`, `Rating`, `ReviewerName`) VALUES (10081556, 'Asperiores quia laudantium repellendus ipsum nihil. Rerum magni qui magni cupiditate eaque quis alias aliquam. Est voluptatem dolores aspernatur modi.', 2, 'naufderhar');
INSERT INTO `review` (`ReviewID`, `Content`, `Rating`, `ReviewerName`) VALUES (10084456, 'Ex totam et laudantium aliquid. Nihil in dolorem aut dolorem neque magnam. Sed illum dignissimos vitae qui officiis. Voluptatum eum aut at qui.', 5, 'homenick.nina');
INSERT INTO `review` (`ReviewID`, `Content`, `Rating`, `ReviewerName`) VALUES (10210858, 'Libero velit et et illo omnis porro. Fugiat deserunt ut asperiores quia commodi voluptatum accusantium. Rem voluptatem similique voluptatem eaque.', 3, 'wolff.morris');
INSERT INTO `review` (`ReviewID`, `Content`, `Rating`, `ReviewerName`) VALUES (10423695, 'Voluptatem non vel ipsum repellendus. Atque iusto non est. Eos repellat exercitationem consequatur aliquid.', 1, 'jeremie86');
INSERT INTO `review` (`ReviewID`, `Content`, `Rating`, `ReviewerName`) VALUES (10508450, 'Et eum rem rerum. Quo aut ut quis corporis. Sequi et sit quasi debitis dicta.', 2, 'hazle13');
INSERT INTO `review` (`ReviewID`, `Content`, `Rating`, `ReviewerName`) VALUES (10512914, 'Id autem saepe cum est eaque ducimus quod. Quis odio quas dolores totam. Sunt vel assumenda cupiditate eum ut. Voluptatum et et nam est occaecati.', 2, 'd\'angelo25');
INSERT INTO `review` (`ReviewID`, `Content`, `Rating`, `ReviewerName`) VALUES (10545527, 'Ipsum non doloribus ea sapiente repellat quisquam. Mollitia ab pariatur aperiam ea tempore. Aliquid ullam qui rerum soluta aut excepturi.', 5, 'jerde.jessyca');
INSERT INTO `review` (`ReviewID`, `Content`, `Rating`, `ReviewerName`) VALUES (10564808, 'Dolor dolore unde vel dolorum iure harum. Facere nobis velit amet quia cupiditate dicta corporis ipsa. Corrupti expedita beatae consequatur aliquid dolorem.', 3, 'myah48');
INSERT INTO `review` (`ReviewID`, `Content`, `Rating`, `ReviewerName`) VALUES (10595120, 'Omnis eos dolorem nulla inventore voluptas ex voluptatem. Quod nemo autem quo sint doloribus. Dolorem molestiae quia quibusdam ab.', 5, 'ahammes');
INSERT INTO `review` (`ReviewID`, `Content`, `Rating`, `ReviewerName`) VALUES (10659938, 'Et optio omnis doloribus fuga non. Esse et quo adipisci aut. Laborum eius delectus cumque incidunt voluptatibus exercitationem officia.', 1, 'marlen41');
INSERT INTO `review` (`ReviewID`, `Content`, `Rating`, `ReviewerName`) VALUES (10683602, 'Nesciunt et veniam nesciunt illum. Et non et velit assumenda ut fugiat. Labore aut itaque qui sequi odit aut. Doloribus nisi dolorem deleniti.', 3, 'antonio.aufderhar');
INSERT INTO `review` (`ReviewID`, `Content`, `Rating`, `ReviewerName`) VALUES (10698465, 'Necessitatibus qui nostrum provident necessitatibus laudantium. Debitis cum architecto quis et ut.', 5, 'casper.price');
INSERT INTO `review` (`ReviewID`, `Content`, `Rating`, `ReviewerName`) VALUES (10699108, 'Dolor dolorum nostrum voluptas eos ut cupiditate voluptatem quibusdam. Nulla ipsam sit minus ut. Harum quae fuga dolore dolorem non quia eum. In maxime aut ea eius.', 4, 'lucile.prosacco');
INSERT INTO `review` (`ReviewID`, `Content`, `Rating`, `ReviewerName`) VALUES (10730479, 'Tempore ut excepturi aut dolore autem aut. Reiciendis iusto assumenda ut officia eius doloribus. Vel possimus in aliquid modi dolores illum explicabo.', 3, 'howell.kristy');
INSERT INTO `review` (`ReviewID`, `Content`, `Rating`, `ReviewerName`) VALUES (10754099, 'Consectetur est temporibus ullam et omnis rerum. Dolores eaque aut delectus sequi et quia numquam ut. Soluta quos harum mollitia exercitationem eum. Inventore ut fugit molestiae nobis.', 3, 'darron29');
INSERT INTO `review` (`ReviewID`, `Content`, `Rating`, `ReviewerName`) VALUES (10787095, 'Explicabo a quibusdam ex a laboriosam. Perferendis necessitatibus omnis sapiente amet. Architecto consequatur saepe vel aut molestiae quia inventore.', 1, 'deven76');
INSERT INTO `review` (`ReviewID`, `Content`, `Rating`, `ReviewerName`) VALUES (10914881, 'Iste praesentium aut consequatur qui. Dignissimos quo quod rerum aut. Quia consequatur vitae qui. Minus corporis et sed dolores eos eligendi.', 2, 'antonio.aufderhar');
INSERT INTO `review` (`ReviewID`, `Content`, `Rating`, `ReviewerName`) VALUES (10915662, 'Dolorum sit maxime facere aut eos. Qui exercitationem occaecati quae est et ipsum neque. Eum et et quia quia unde quaerat. Dolorem adipisci doloremque nam alias itaque exercitationem sint.', 5, 'vita.dooley');
INSERT INTO `review` (`ReviewID`, `Content`, `Rating`, `ReviewerName`) VALUES (10932552, 'Tempora modi temporibus sed dolor iure. Rerum reiciendis ad dolor. Doloribus voluptatem necessitatibus perspiciatis commodi.', 4, 'bogisich.abe');
INSERT INTO `review` (`ReviewID`, `Content`, `Rating`, `ReviewerName`) VALUES (11143379, 'Quasi ex quo earum itaque sint. Ea quis quam aliquid voluptas dicta. Necessitatibus consequuntur cumque nisi quae modi qui.', 3, 'tjohns');
INSERT INTO `review` (`ReviewID`, `Content`, `Rating`, `ReviewerName`) VALUES (11170164, 'Quod itaque perferendis et maiores. Laborum tempore quibusdam odio similique quia. Quibusdam minima adipisci doloribus optio culpa. Non ex qui nihil architecto.', 2, 'johanna.barton');
INSERT INTO `review` (`ReviewID`, `Content`, `Rating`, `ReviewerName`) VALUES (11236181, 'Officia eum nihil pariatur inventore aut quia consequatur dolor. Quasi hic commodi eius dolores. Est tempora omnis sequi sapiente beatae ut. Quis quis aliquid possimus qui repudiandae.', 1, 'yvon');
INSERT INTO `review` (`ReviewID`, `Content`, `Rating`, `ReviewerName`) VALUES (11385926, 'Autem minima ex omnis est. Ea itaque sunt non. Et architecto quas sit error. Ad molestiae sint nostrum quia.', 4, 'letha.daniel');
INSERT INTO `review` (`ReviewID`, `Content`, `Rating`, `ReviewerName`) VALUES (11505823, 'Ab quaerat earum eveniet magnam. Quia voluptas nulla exercitationem dolor ad. Rerum beatae voluptatem voluptatem. Dolores vel neque praesentium cupiditate vero numquam deserunt.', 4, 'funk.brando');
INSERT INTO `review` (`ReviewID`, `Content`, `Rating`, `ReviewerName`) VALUES (11508304, 'Ullam vel nihil incidunt quod maxime assumenda numquam aut. Voluptas nemo accusamus nam dolores.', 3, 'kenna.tremblay');
INSERT INTO `review` (`ReviewID`, `Content`, `Rating`, `ReviewerName`) VALUES (11538232, 'Voluptates eligendi et omnis quasi ut laboriosam. Explicabo qui placeat ad ducimus. Praesentium voluptatem eveniet ab est.', 5, 'bernardo76');
INSERT INTO `review` (`ReviewID`, `Content`, `Rating`, `ReviewerName`) VALUES (11602304, 'Vero rerum voluptates quisquam dicta occaecati dolores qui. Reprehenderit blanditiis quo repellendus quas tempore. Tenetur fugit cumque vero magnam quaerat unde et.', 4, 'homenick.nina');
INSERT INTO `review` (`ReviewID`, `Content`, `Rating`, `ReviewerName`) VALUES (11645497, 'Veniam reiciendis ut ut consequatur et itaque. Fugiat est ut consequatur enim ut quia fugiat nihil.', 2, 'tjohns');
INSERT INTO `review` (`ReviewID`, `Content`, `Rating`, `ReviewerName`) VALUES (11818168, 'Iste temporibus eaque vitae dolorum nihil ex ut. Ipsa est aliquid perferendis et nihil. Rem qui eum tempore quo et magnam.', 2, 'letha.daniel');
INSERT INTO `review` (`ReviewID`, `Content`, `Rating`, `ReviewerName`) VALUES (11832821, 'Saepe sit autem ut eos sit perferendis omnis omnis. Aut iusto velit quo omnis magni quo. Quidem aut architecto autem voluptas.', 4, 'lgreenfelder');
INSERT INTO `review` (`ReviewID`, `Content`, `Rating`, `ReviewerName`) VALUES (11909994, 'Cumque distinctio fugiat est. Fugit accusantium voluptate et quos aut. Ut laborum dolorem illum nihil corporis.', 5, 'ujohnston');
INSERT INTO `review` (`ReviewID`, `Content`, `Rating`, `ReviewerName`) VALUES (12020501, 'Velit non quo quae quidem eligendi similique provident. Laudantium culpa et aspernatur quia. Commodi aut aut rerum hic.', 1, 'trantow.watson');
INSERT INTO `review` (`ReviewID`, `Content`, `Rating`, `ReviewerName`) VALUES (12296062, 'Delectus aut qui nobis eius. Aliquid ea modi voluptatibus et alias provident tempora possimus. Deleniti assumenda odit perspiciatis iusto. Omnis consequatur quidem quibusdam minima.', 3, 'satterfield.destiny');
INSERT INTO `review` (`ReviewID`, `Content`, `Rating`, `ReviewerName`) VALUES (12354404, 'Labore ut soluta qui facere dicta quisquam. Dolorem quod accusamus sint deserunt aut. Omnis tempora atque quia. Enim quae ut ut libero.', 5, 'lucile.prosacco');
INSERT INTO `review` (`ReviewID`, `Content`, `Rating`, `ReviewerName`) VALUES (12415111, 'Inventore ullam consequuntur et aut cumque quidem. Eius sed eum quas non nulla cum minima. Praesentium rerum vel iusto ut aut et.', 2, 'kenna.tremblay');
INSERT INTO `review` (`ReviewID`, `Content`, `Rating`, `ReviewerName`) VALUES (12419431, 'Tempore unde nihil quia perferendis laudantium et. Excepturi velit et aliquid mollitia debitis praesentium commodi.', 3, 'nathen20');
INSERT INTO `review` (`ReviewID`, `Content`, `Rating`, `ReviewerName`) VALUES (12683446, 'Nihil labore aut porro nostrum suscipit sed deserunt. Sunt sint aut aperiam rerum.', 3, 'uhowell');
INSERT INTO `review` (`ReviewID`, `Content`, `Rating`, `ReviewerName`) VALUES (12700654, 'Minus in id assumenda neque quasi explicabo. Est voluptatem reprehenderit eligendi est quam. Qui quidem nisi ut illum aut et id.', 1, 'kassandra.krajcik');
INSERT INTO `review` (`ReviewID`, `Content`, `Rating`, `ReviewerName`) VALUES (12724706, 'Aliquam facilis quae id illo quae vero iure. Accusantium et consequatur dolorem voluptas quod. Id nam eligendi et velit. Et labore nam fuga cumque voluptatibus.', 3, 'yvon');
INSERT INTO `review` (`ReviewID`, `Content`, `Rating`, `ReviewerName`) VALUES (12791296, 'Non quibusdam inventore exercitationem fugit nisi beatae iure sunt. Occaecati dolor ut tempora rem praesentium.', 5, 'abbott.emery');
INSERT INTO `review` (`ReviewID`, `Content`, `Rating`, `ReviewerName`) VALUES (12960276, 'Esse aperiam aliquam ut odio adipisci omnis molestias. Qui molestiae eius id nulla. Non aut temporibus est. Ut omnis rerum voluptatem occaecati pariatur consequatur.', 4, 'ottis18');
INSERT INTO `review` (`ReviewID`, `Content`, `Rating`, `ReviewerName`) VALUES (12989421, 'Consequatur quidem asperiores aut explicabo veniam. Voluptate et fuga eum in perspiciatis quia est. Non deleniti provident et quidem asperiores. Corporis laudantium dolores voluptatum in saepe.', 3, 'june31');
INSERT INTO `review` (`ReviewID`, `Content`, `Rating`, `ReviewerName`) VALUES (13006495, 'Dolorem blanditiis aliquam eum vel iste totam. Ut quis nesciunt libero expedita natus ea possimus. Consequuntur et quis quasi voluptatum libero hic.', 2, 'madelynn71');
INSERT INTO `review` (`ReviewID`, `Content`, `Rating`, `ReviewerName`) VALUES (13218845, 'Numquam voluptates nesciunt enim est esse. Delectus officia et et veritatis. Iste quidem iure odio ut enim laboriosam dolor. Quae aut et est et optio.', 5, 'lgreenfelder');
INSERT INTO `review` (`ReviewID`, `Content`, `Rating`, `ReviewerName`) VALUES (13230642, 'Et quo at ex omnis. Repellat nemo aut expedita velit. Quia corrupti animi fuga sed minus ut.', 4, 'shills');
INSERT INTO `review` (`ReviewID`, `Content`, `Rating`, `ReviewerName`) VALUES (13241769, 'Autem voluptate officia ut quo autem aut ab recusandae. Et illo repellat beatae. Aperiam voluptatem ullam occaecati tempore atque molestiae perferendis.', 2, 'joany63');
INSERT INTO `review` (`ReviewID`, `Content`, `Rating`, `ReviewerName`) VALUES (13351064, 'Enim qui blanditiis quidem reiciendis sed. Quia facere repellendus nulla quisquam quos et. Dolorem ut earum sed cumque quibusdam labore assumenda.', 2, 'anderson.daphney');
INSERT INTO `review` (`ReviewID`, `Content`, `Rating`, `ReviewerName`) VALUES (13669127, 'Corrupti quis quidem nesciunt sequi sint dolores. Molestiae quidem ea ducimus aliquid architecto nulla recusandae amet. Laudantium aut omnis aut autem. Ut ea ad nam id.', 4, 'kovacek.jessika');
INSERT INTO `review` (`ReviewID`, `Content`, `Rating`, `ReviewerName`) VALUES (13680967, 'In voluptas neque similique eos quia. Quo placeat et iure quas enim. Perspiciatis enim omnis ipsa quia commodi sequi. Eum omnis in in deserunt maxime et doloremque nostrum.', 4, 'otillman');
INSERT INTO `review` (`ReviewID`, `Content`, `Rating`, `ReviewerName`) VALUES (13738538, 'Excepturi corrupti ipsam eligendi aut atque et delectus. Reiciendis eum facilis eos sunt officia quia. Dolorem quia esse non quia consequuntur minima. Natus tempora deleniti voluptatum soluta.', 2, 'uframi');
INSERT INTO `review` (`ReviewID`, `Content`, `Rating`, `ReviewerName`) VALUES (13766908, 'Ex consequatur illo omnis accusantium. Assumenda dolores praesentium facilis voluptate repellendus ad iusto eum. Ex est maiores consequatur voluptas quae ea.', 5, 'brock99');
INSERT INTO `review` (`ReviewID`, `Content`, `Rating`, `ReviewerName`) VALUES (13767331, 'Hic omnis perferendis amet earum temporibus est. Et dolores perferendis sit vero sint. Non qui quidem incidunt dolore aperiam. Aliquid animi enim accusantium.', 2, 'franco.corwin');
INSERT INTO `review` (`ReviewID`, `Content`, `Rating`, `ReviewerName`) VALUES (13772171, 'Maxime ea vel ex numquam repellat voluptatibus neque. Asperiores dolor praesentium rerum id. Provident reprehenderit magni temporibus dicta vel voluptatem.', 1, 'uframi');
INSERT INTO `review` (`ReviewID`, `Content`, `Rating`, `ReviewerName`) VALUES (13851068, 'Velit atque ducimus magni occaecati itaque quasi. Iure nemo quis aut soluta aut facilis. Est consequuntur soluta molestias dolor.', 5, 'vita.dooley');
INSERT INTO `review` (`ReviewID`, `Content`, `Rating`, `ReviewerName`) VALUES (13851947, 'Voluptatem qui unde qui deleniti distinctio omnis. Dolorum molestiae et similique quo sint.', 4, 'erich32');
INSERT INTO `review` (`ReviewID`, `Content`, `Rating`, `ReviewerName`) VALUES (13933151, 'Eaque expedita nulla molestias. Dolor laudantium eum distinctio tempore amet asperiores quia. Similique enim quo et et hic consequatur enim. Voluptatem qui sit porro possimus accusamus.', 4, 'yoshiko.kassulke');
INSERT INTO `review` (`ReviewID`, `Content`, `Rating`, `ReviewerName`) VALUES (13942563, 'Et consequatur vel atque nihil illo qui. Eligendi id omnis quis sit dolorem et. Quam aspernatur omnis consequatur excepturi et. Veritatis beatae qui illo nihil.', 4, 'hyatt.lee');
INSERT INTO `review` (`ReviewID`, `Content`, `Rating`, `ReviewerName`) VALUES (14036756, 'Nam soluta excepturi voluptatem vel ipsam voluptatem nostrum. Adipisci sint eveniet et quia non quaerat. Suscipit natus fuga dignissimos vel ipsam cupiditate.', 3, 'darren.stamm');
INSERT INTO `review` (`ReviewID`, `Content`, `Rating`, `ReviewerName`) VALUES (14098670, 'Exercitationem et labore ut. Et eum reprehenderit et doloribus quia voluptas. Non et sunt delectus alias et et.', 2, 'gshields');
INSERT INTO `review` (`ReviewID`, `Content`, `Rating`, `ReviewerName`) VALUES (14245986, 'Laudantium sunt qui eius adipisci laborum. Velit et cum consequatur laborum. Et cum quo ut quisquam exercitationem praesentium consectetur.', 3, 'ellen.murray');
INSERT INTO `review` (`ReviewID`, `Content`, `Rating`, `ReviewerName`) VALUES (14300408, 'Et quo numquam sunt deserunt dolores. Nisi laudantium modi aut similique placeat. Non rem nulla et culpa.', 3, 'rowena.hoeger');
INSERT INTO `review` (`ReviewID`, `Content`, `Rating`, `ReviewerName`) VALUES (14525616, 'Quia quia ea neque esse et ex. Non nihil ullam eveniet sed. Sed vitae accusantium molestiae non vero omnis quia.', 3, 'kristofer13');
INSERT INTO `review` (`ReviewID`, `Content`, `Rating`, `ReviewerName`) VALUES (14571338, 'Officia consequuntur impedit expedita. Voluptatem eligendi voluptas cum molestiae deleniti voluptatem. Ut ut eius animi natus.', 1, 'lisa.turcotte');
INSERT INTO `review` (`ReviewID`, `Content`, `Rating`, `ReviewerName`) VALUES (14604328, 'Quis magnam aut sed accusantium doloremque cupiditate. Enim veritatis unde voluptates qui enim commodi reprehenderit. Maxime qui amet earum quia enim.', 5, 'miles61');
INSERT INTO `review` (`ReviewID`, `Content`, `Rating`, `ReviewerName`) VALUES (14925617, 'Voluptatem autem tenetur sapiente et. Dicta illum rerum ut veniam quaerat laboriosam. Veniam eveniet est explicabo maiores eaque deleniti.', 3, 'trantow.watson');
INSERT INTO `review` (`ReviewID`, `Content`, `Rating`, `ReviewerName`) VALUES (15291998, 'Voluptatum ipsam consectetur pariatur et vitae facere et. Ex inventore aut esse et. Nesciunt aut eius aut aliquid.', 3, 'mwitting');
INSERT INTO `review` (`ReviewID`, `Content`, `Rating`, `ReviewerName`) VALUES (15311344, 'Dolorum quos omnis omnis ipsa. Magnam doloribus molestiae voluptatem dolor voluptate veritatis. Dicta eum ea quia officiis porro. Temporibus dolores hic assumenda animi non assumenda ea.', 3, 'sebastian65');
INSERT INTO `review` (`ReviewID`, `Content`, `Rating`, `ReviewerName`) VALUES (15455925, 'Omnis excepturi nihil libero repellendus illo. Voluptatem et ducimus praesentium doloribus expedita. Vitae voluptates accusantium cupiditate enim enim nihil ea.', 2, 'darren.stamm');
INSERT INTO `review` (`ReviewID`, `Content`, `Rating`, `ReviewerName`) VALUES (15619712, 'Dolore autem nam consequatur eligendi magni. Vel omnis eum cumque nisi reiciendis in. In nisi non harum quas ex.\nPariatur quas aspernatur et quis repellat. Quis et et numquam ducimus.', 4, 'myah48');
INSERT INTO `review` (`ReviewID`, `Content`, `Rating`, `ReviewerName`) VALUES (15835840, 'Sed voluptatibus et dolorum et iure eum. Voluptas beatae consectetur tempore recusandae. Beatae maiores omnis eum perspiciatis.', 4, 'trantow.watson');
INSERT INTO `review` (`ReviewID`, `Content`, `Rating`, `ReviewerName`) VALUES (15933084, 'Voluptate dolores quia error et voluptatem occaecati et sint. Commodi reprehenderit omnis dolor ducimus fugit. Vitae dolorem voluptatem qui aspernatur consequatur.', 4, 'shills');
INSERT INTO `review` (`ReviewID`, `Content`, `Rating`, `ReviewerName`) VALUES (16048549, 'Aut repellendus odio ut et vel sint eveniet qui. Tempora quis facilis praesentium deleniti deleniti. Eum fugiat atque recusandae ad. Reprehenderit et aliquam eos quisquam.', 4, 'fleta75');
INSERT INTO `review` (`ReviewID`, `Content`, `Rating`, `ReviewerName`) VALUES (16078150, 'Corporis odio nemo voluptas sit aliquid quidem. Qui amet dolorem quos omnis et esse assumenda id. Enim optio dolor dolorum nisi esse quod a. Labore et et vero molestias et.', 3, 'gshields');
INSERT INTO `review` (`ReviewID`, `Content`, `Rating`, `ReviewerName`) VALUES (16124370, 'Consequatur voluptates ex modi officia fugit voluptatem delectus. Ea dolor id aut non. Excepturi nam necessitatibus tempore sunt dolorem. Dolores sed cumque blanditiis voluptatibus id et et veniam.', 4, 'collins.junius');
INSERT INTO `review` (`ReviewID`, `Content`, `Rating`, `ReviewerName`) VALUES (16165384, 'Inventore culpa maxime hic quis quia ullam et. Fugit distinctio modi quos doloribus hic nemo qui numquam. Nostrum qui eius labore sit dolorem animi. Nesciunt dignissimos quia ad.', 5, 'elliott.kris');
INSERT INTO `review` (`ReviewID`, `Content`, `Rating`, `ReviewerName`) VALUES (16289108, 'Temporibus alias tenetur et minima. Consequatur nobis voluptate commodi blanditiis quos et nam sit. Fugiat suscipit beatae tenetur ea quis quia eos.', 3, 'lucile.prosacco');
INSERT INTO `review` (`ReviewID`, `Content`, `Rating`, `ReviewerName`) VALUES (16339403, 'Quam saepe aspernatur sapiente in est facere iste. Dicta quia voluptatem ut hic est. Facilis accusantium delectus itaque aliquam similique omnis. Sunt et doloremque aut.', 1, 'schulist.cruz');
INSERT INTO `review` (`ReviewID`, `Content`, `Rating`, `ReviewerName`) VALUES (16410229, 'Adipisci numquam et quia aspernatur et beatae alias. Occaecati voluptatibus hic voluptatibus quas aperiam. Eveniet ratione est odit veniam. Odio suscipit voluptatem placeat.', 5, 'rory15');
INSERT INTO `review` (`ReviewID`, `Content`, `Rating`, `ReviewerName`) VALUES (16417233, 'Eos impedit quia est iste. Eum voluptatibus qui laborum amet aspernatur corrupti. Sunt aut ratione error culpa veniam est reiciendis. Pariatur est repellendus porro nam odit omnis.', 3, 'yoshiko.kassulke');
INSERT INTO `review` (`ReviewID`, `Content`, `Rating`, `ReviewerName`) VALUES (16464050, 'Quia velit amet dolor iure et ut. Similique non nostrum consequatur praesentium. Eligendi quo quasi dolore.', 4, 'erich32');
INSERT INTO `review` (`ReviewID`, `Content`, `Rating`, `ReviewerName`) VALUES (16499000, 'Qui mollitia nisi labore velit pariatur aspernatur sed. Quo sunt reprehenderit laborum ratione. Possimus in assumenda in omnis et debitis. Aperiam ullam iste aut est in.', 5, 'johanna.barton');
INSERT INTO `review` (`ReviewID`, `Content`, `Rating`, `ReviewerName`) VALUES (16565436, 'Laboriosam non quia consequatur. Magnam qui vel velit minima ut eum neque. Suscipit qui molestiae non fuga exercitationem molestias. Ut reiciendis non nemo qui.', 3, 'franco.corwin');
INSERT INTO `review` (`ReviewID`, `Content`, `Rating`, `ReviewerName`) VALUES (16624518, 'Molestias exercitationem doloribus vero sunt non harum aut. Porro aut in eum dolore sit. Hic vero maxime fuga non aut consequatur.', 5, 'funk.brando');
INSERT INTO `review` (`ReviewID`, `Content`, `Rating`, `ReviewerName`) VALUES (16670333, 'Ab error aut officia corrupti ad. Illum blanditiis eum nesciunt exercitationem. Nesciunt quia omnis voluptas dolorem similique dolorum voluptate rerum.', 4, 'naufderhar');
INSERT INTO `review` (`ReviewID`, `Content`, `Rating`, `ReviewerName`) VALUES (16677494, 'Est beatae quis omnis laboriosam deleniti et. Nostrum atque quos placeat sed et ipsam nam qui. Rerum sapiente qui ducimus voluptatem fuga animi. In temporibus ullam exercitationem ut laborum ut.', 5, 'rory15');
INSERT INTO `review` (`ReviewID`, `Content`, `Rating`, `ReviewerName`) VALUES (16778116, 'Voluptatibus tempore expedita in. Ad temporibus et praesentium. Et est ut ut repellat dolor. Eos ab dolores est.', 4, 'howell.kristy');
INSERT INTO `review` (`ReviewID`, `Content`, `Rating`, `ReviewerName`) VALUES (16786865, 'Aspernatur nobis architecto eum eaque sed voluptate esse iure. Commodi ratione velit dolor quae voluptatem sunt accusamus cupiditate.', 2, 'kassandra.krajcik');
INSERT INTO `review` (`ReviewID`, `Content`, `Rating`, `ReviewerName`) VALUES (16822064, 'Quia veritatis perspiciatis ut qui in in deserunt. Numquam ratione et tenetur non doloribus. Eaque corrupti molestiae fugit est molestiae culpa. Veniam repudiandae quisquam non est.', 1, 'skyla.jerde');
INSERT INTO `review` (`ReviewID`, `Content`, `Rating`, `ReviewerName`) VALUES (17043367, 'Autem ratione autem officia distinctio. Facere est sit et veritatis. In facilis ut quas voluptas consequatur.', 3, 'mwitting');
INSERT INTO `review` (`ReviewID`, `Content`, `Rating`, `ReviewerName`) VALUES (17218084, 'Ut placeat distinctio porro et sunt eum molestiae accusantium. Aut non eaque et similique aut. Cupiditate laudantium sint error laudantium.', 1, 'kovacek.jessika');
INSERT INTO `review` (`ReviewID`, `Content`, `Rating`, `ReviewerName`) VALUES (17221116, 'Similique qui ipsa veniam. Numquam numquam doloremque illum dicta officia possimus.', 2, 'bogisich.abe');
INSERT INTO `review` (`ReviewID`, `Content`, `Rating`, `ReviewerName`) VALUES (17291861, 'Corporis ratione sunt necessitatibus quos magni amet. Ullam dolore assumenda qui consequatur voluptas dignissimos. Rem quae nihil at sequi.', 2, 'howell.kristy');
INSERT INTO `review` (`ReviewID`, `Content`, `Rating`, `ReviewerName`) VALUES (17297931, 'Voluptas odit sed illum eos itaque magni. Consequatur doloribus in in vero ipsum corporis officia. Dolore dolorem placeat natus quod blanditiis voluptas saepe.', 2, 'uframi');
INSERT INTO `review` (`ReviewID`, `Content`, `Rating`, `ReviewerName`) VALUES (17327244, 'Deserunt sed voluptatem reiciendis quaerat sequi provident accusamus. Cupiditate repellat ea eveniet maiores. Maiores id qui est doloremque eos consequatur ratione provident.', 2, 'sebastian65');
INSERT INTO `review` (`ReviewID`, `Content`, `Rating`, `ReviewerName`) VALUES (17357367, 'Quia neque laboriosam eos esse aut dolore dolorem dolores. Omnis possimus sit vero voluptas. Repellat sequi voluptate iste aut magni.', 5, 'trogahn');
INSERT INTO `review` (`ReviewID`, `Content`, `Rating`, `ReviewerName`) VALUES (17419912, 'Dolores dicta excepturi et ut tenetur. Voluptatem et omnis ut corporis placeat repellat. Eos ea aperiam sed voluptatem iste vitae.', 3, 'qmonahan');
INSERT INTO `review` (`ReviewID`, `Content`, `Rating`, `ReviewerName`) VALUES (17423507, 'Dolor hic sint reiciendis accusamus. Quo necessitatibus inventore perspiciatis ut in enim.', 5, 'rasheed.gusikowski');
INSERT INTO `review` (`ReviewID`, `Content`, `Rating`, `ReviewerName`) VALUES (17508031, 'Similique ad voluptatem ut nemo totam. Ea ipsam distinctio eaque molestiae. Dolores sed eius adipisci cum in nam. Ut odio at omnis sit eos et qui.', 3, 'uhowell');
INSERT INTO `review` (`ReviewID`, `Content`, `Rating`, `ReviewerName`) VALUES (17609843, 'Alias illo fugit aspernatur explicabo et maiores excepturi suscipit. Fuga vel laboriosam vitae commodi. Eum dolorem rerum quia quos voluptate quo in.', 2, 'fleta75');
INSERT INTO `review` (`ReviewID`, `Content`, `Rating`, `ReviewerName`) VALUES (17727674, 'Facere at explicabo eos eveniet ratione esse enim in. Qui repudiandae corrupti eveniet impedit. Et sed adipisci quo dolores molestiae vero voluptatem consectetur.', 1, 'nathen20');
INSERT INTO `review` (`ReviewID`, `Content`, `Rating`, `ReviewerName`) VALUES (17769905, 'Impedit beatae tempore in quasi qui et ullam. Non incidunt cupiditate dignissimos ipsum et eaque officia. Pariatur voluptatibus sit id officiis dolorem sequi. Mollitia aperiam corrupti odio.', 3, 'ahammes');
INSERT INTO `review` (`ReviewID`, `Content`, `Rating`, `ReviewerName`) VALUES (17835924, 'Explicabo et repellendus ut a. Perferendis quia est qui iste blanditiis cupiditate repellendus. Ex sed aspernatur eaque porro. Deserunt nihil nesciunt maxime aut blanditiis.', 5, 'satterfield.destiny');
INSERT INTO `review` (`ReviewID`, `Content`, `Rating`, `ReviewerName`) VALUES (17946241, 'Voluptatem non vitae asperiores iusto. Deserunt ab in suscipit nesciunt blanditiis. Reprehenderit aliquam in quo et dolorem sapiente dolores.', 3, 'anderson.daphney');
INSERT INTO `review` (`ReviewID`, `Content`, `Rating`, `ReviewerName`) VALUES (18032557, 'Dignissimos necessitatibus distinctio omnis expedita molestias occaecati in. Ea et et quia velit iure unde tenetur. Qui eaque sunt corrupti repudiandae voluptas omnis quam.', 1, 'sarah94');
INSERT INTO `review` (`ReviewID`, `Content`, `Rating`, `ReviewerName`) VALUES (18183212, 'Ea consequuntur aut quaerat odit. Illo et sit modi quis iusto voluptatem. Molestiae voluptas sit similique et aut.', 4, 'uhowell');
INSERT INTO `review` (`ReviewID`, `Content`, `Rating`, `ReviewerName`) VALUES (18277976, 'Molestiae amet ut rerum tempora error doloremque. Et accusamus labore cupiditate voluptas voluptatem consequuntur omnis. Sit est velit nisi repudiandae velit sed repellat et.', 1, 'brandyn22');
INSERT INTO `review` (`ReviewID`, `Content`, `Rating`, `ReviewerName`) VALUES (18337616, 'Consequuntur et similique accusantium maiores molestias voluptates omnis est. Deleniti repellendus velit et et libero ipsum. Sit reprehenderit et laudantium iusto. Ut fugit odio incidunt qui vel rem.', 3, 'orlo.hills');
INSERT INTO `review` (`ReviewID`, `Content`, `Rating`, `ReviewerName`) VALUES (18495459, 'Earum consequatur ipsam quo unde facilis. Sint voluptas magni et voluptatem voluptates quo. Id incidunt quod voluptatibus praesentium. Eos qui ab ab voluptas.', 2, 'yost.laurel');
INSERT INTO `review` (`ReviewID`, `Content`, `Rating`, `ReviewerName`) VALUES (18559486, 'Vitae vel recusandae quo quisquam. Molestiae libero dolor sunt recusandae.', 4, 'abbott.emery');
INSERT INTO `review` (`ReviewID`, `Content`, `Rating`, `ReviewerName`) VALUES (18560009, 'Enim architecto qui suscipit ut et possimus non. Sint doloremque beatae repellat suscipit tenetur error et. Eos nesciunt pariatur rerum voluptatem rerum nesciunt veritatis totam.', 1, 'hparisian');
INSERT INTO `review` (`ReviewID`, `Content`, `Rating`, `ReviewerName`) VALUES (18618090, 'Similique quaerat aut necessitatibus est. Magni quo alias est dolore. Laudantium at in mollitia atque.', 3, 'kristofer13');
INSERT INTO `review` (`ReviewID`, `Content`, `Rating`, `ReviewerName`) VALUES (18871217, 'Repudiandae dicta dicta doloribus nobis repellat quo. Explicabo nam odio et asperiores. Deleniti aspernatur qui officia eum quaerat et atque. Quia porro occaecati tempora non et.', 5, 'anderson.daphney');
INSERT INTO `review` (`ReviewID`, `Content`, `Rating`, `ReviewerName`) VALUES (18893181, 'Magni ducimus enim error. Sed est voluptate cumque asperiores et et. Delectus quo hic nulla tempora quasi voluptas et.', 1, 'shills');
INSERT INTO `review` (`ReviewID`, `Content`, `Rating`, `ReviewerName`) VALUES (18913559, 'Optio laboriosam quos autem inventore nisi odit. Sequi mollitia voluptate nihil dolore accusantium beatae. Fuga autem unde voluptatem deserunt.', 3, 'beahan.troy');
INSERT INTO `review` (`ReviewID`, `Content`, `Rating`, `ReviewerName`) VALUES (18942663, 'Sed aliquam magnam modi provident dolore. Sint illum laboriosam possimus quas possimus numquam aut.', 3, 'hyatt.lee');
INSERT INTO `review` (`ReviewID`, `Content`, `Rating`, `ReviewerName`) VALUES (18958478, 'Ullam ut et voluptatum asperiores itaque officia enim totam. Perspiciatis tempore quia cum quis eligendi tempora. Nam illum illum in veniam magni assumenda.', 5, 'christina.jacobson');
INSERT INTO `review` (`ReviewID`, `Content`, `Rating`, `ReviewerName`) VALUES (18988525, 'Consequatur excepturi fugit voluptate eius beatae amet reiciendis asperiores. Facilis porro unde a et reprehenderit. Qui illo nisi et veniam nobis molestias.', 2, 'vkertzmann');
INSERT INTO `review` (`ReviewID`, `Content`, `Rating`, `ReviewerName`) VALUES (19072441, 'Laboriosam accusamus dolor debitis fugit. Autem dolores voluptas qui magni ut dolores. Fugit illum sint et sit tempore ea nemo. Sed ratione deserunt vitae quibusdam temporibus omnis.', 2, 'ellen.murray');
INSERT INTO `review` (`ReviewID`, `Content`, `Rating`, `ReviewerName`) VALUES (19082100, 'Explicabo fuga officiis nemo et consectetur. Iste repellat necessitatibus dolorem magni animi. Doloribus minus rerum iusto est.', 5, 'deven76');
INSERT INTO `review` (`ReviewID`, `Content`, `Rating`, `ReviewerName`) VALUES (19200933, 'Aut voluptatem corporis molestias exercitationem culpa. Perspiciatis vitae est dolorem dicta minus. Iste est aliquam ipsum ad.', 3, 'vito.glover');
INSERT INTO `review` (`ReviewID`, `Content`, `Rating`, `ReviewerName`) VALUES (19387943, 'Dolor quis maiores rerum tempora iure. Et eveniet culpa qui et nesciunt. Nulla ad eos aspernatur ullam dolor in.', 5, 'mohammad59');
INSERT INTO `review` (`ReviewID`, `Content`, `Rating`, `ReviewerName`) VALUES (19467468, 'At praesentium quae consequuntur sint soluta aut. Ut officia expedita itaque qui excepturi qui facilis esse. Officia quod laboriosam aut ea. Officiis modi iusto eum nemo quia dolorem aut.', 3, 'sebastian65');
INSERT INTO `review` (`ReviewID`, `Content`, `Rating`, `ReviewerName`) VALUES (19519783, 'Nesciunt et in velit animi sit tempore et. Ut beatae exercitationem odit. Non deserunt quas nesciunt fuga.', 2, 'wiza.damian');
INSERT INTO `review` (`ReviewID`, `Content`, `Rating`, `ReviewerName`) VALUES (19522992, 'Velit et voluptates ipsam. Explicabo asperiores dicta ab modi consequuntur molestiae quos. Ducimus quaerat sunt repellendus.', 5, 'bogisich.abe');
INSERT INTO `review` (`ReviewID`, `Content`, `Rating`, `ReviewerName`) VALUES (19599169, 'Omnis neque tempore et nemo quaerat atque aut. Quam quaerat inventore itaque quam dicta. Quis veniam nam aut nostrum. Facere cumque necessitatibus tempora cupiditate. In ut est minus qui.', 3, 'bogisich.abe');
INSERT INTO `review` (`ReviewID`, `Content`, `Rating`, `ReviewerName`) VALUES (19634920, 'Doloribus fugiat quos modi vitae ea quis ratione. Et maxime reiciendis harum nesciunt et hic et hic. In consequatur iusto qui.', 2, 'qmonahan');
INSERT INTO `review` (`ReviewID`, `Content`, `Rating`, `ReviewerName`) VALUES (19859842, 'Nemo voluptatem optio possimus perspiciatis. Eligendi sequi excepturi amet ducimus quia rem mollitia. Est et omnis saepe. Officiis repudiandae aperiam fugiat dignissimos quia.', 5, 'tjohns');
INSERT INTO `review` (`ReviewID`, `Content`, `Rating`, `ReviewerName`) VALUES (19911175, 'Tenetur quia omnis temporibus magni quo autem. Id nostrum omnis qui velit. Sint accusamus voluptas deleniti provident hic voluptatem mollitia. Soluta provident officia debitis.', 5, 'ayana24');
INSERT INTO `review` (`ReviewID`, `Content`, `Rating`, `ReviewerName`) VALUES (19917505, 'Est molestias quam ut voluptatibus voluptatem voluptas ratione. Debitis molestiae ipsa sit dolor laborum. Illum pariatur officiis tenetur deserunt earum esse. Minima aut culpa et deserunt.', 3, 'hparisian');
INSERT INTO `review` (`ReviewID`, `Content`, `Rating`, `ReviewerName`) VALUES (19928362, 'Consequatur et sint minus quibusdam mollitia. Optio dolorem voluptates veniam culpa consectetur amet. Perspiciatis et dicta vel aut sequi ducimus. Facilis aut vero odio et.', 4, 'madelynn71');
INSERT INTO `review` (`ReviewID`, `Content`, `Rating`, `ReviewerName`) VALUES (19964383, 'Voluptates reprehenderit quo dolore perferendis error ut sint. Rerum dolorum quis aliquam est aut distinctio enim. Quisquam rerum neque deserunt quam aut.', 4, 'yoshiko.kassulke');
INSERT INTO `review` (`ReviewID`, `Content`, `Rating`, `ReviewerName`) VALUES (20140517, 'Distinctio culpa mollitia repellendus. Quia et maiores labore et. Ut numquam dolores sunt. Dolores quis sequi expedita quod animi soluta quae.', 1, 'bogisich.abe');
INSERT INTO `review` (`ReviewID`, `Content`, `Rating`, `ReviewerName`) VALUES (20146543, 'Ea distinctio a quia repudiandae enim. Asperiores occaecati nobis qui expedita error commodi voluptatem. Ad nisi laudantium ut.', 1, 'sipes.mckenzie');
INSERT INTO `review` (`ReviewID`, `Content`, `Rating`, `ReviewerName`) VALUES (20165206, 'Voluptatem et consequatur architecto voluptatem nobis ut voluptas. Saepe occaecati dicta dolorem sint similique. In vel eveniet enim ipsam.', 2, 'hparisian');
INSERT INTO `review` (`ReviewID`, `Content`, `Rating`, `ReviewerName`) VALUES (20173424, 'Reprehenderit perferendis enim velit est aut. Incidunt dolor id ut ipsam neque. Ullam omnis eum eum qui omnis vel.', 1, 'otillman');
INSERT INTO `review` (`ReviewID`, `Content`, `Rating`, `ReviewerName`) VALUES (20234834, 'Reiciendis quidem debitis nesciunt non soluta explicabo in reprehenderit. Et qui aut corporis qui at totam aspernatur. Aut placeat ut autem et et nihil optio voluptas.', 2, 'skyla.jerde');
INSERT INTO `review` (`ReviewID`, `Content`, `Rating`, `ReviewerName`) VALUES (20236064, 'Porro unde eum voluptate. Maiores quis dolore laudantium minus. Dolore at rem doloremque cum corrupti dolor laborum.', 5, 'howell.kristy');
INSERT INTO `review` (`ReviewID`, `Content`, `Rating`, `ReviewerName`) VALUES (20356861, 'Laudantium consequatur nobis ea omnis. Dolore assumenda quibusdam debitis hic. Officiis optio sit laborum aut ipsum quia.', 2, 'lucile.prosacco');
INSERT INTO `review` (`ReviewID`, `Content`, `Rating`, `ReviewerName`) VALUES (20369221, 'Officiis dolores sed aperiam. Autem vel ea ullam reprehenderit maxime amet ut. Voluptatum odio tempora eum nostrum. Ipsam soluta suscipit fugit unde eum.', 2, 'kovacek.jessika');
INSERT INTO `review` (`ReviewID`, `Content`, `Rating`, `ReviewerName`) VALUES (20452809, 'Illo quaerat illum dolor fugit esse numquam magni. Ducimus occaecati autem est aut. Et possimus et voluptatem explicabo voluptatum. Id eligendi molestiae saepe iusto.', 2, 'fleta75');
INSERT INTO `review` (`ReviewID`, `Content`, `Rating`, `ReviewerName`) VALUES (20655768, 'Commodi aut ut fugit. Ipsum voluptatem maxime et hic quo. Quis dicta numquam commodi est. Laboriosam dignissimos quia et molestias et temporibus iure.', 3, 'lisa.turcotte');
INSERT INTO `review` (`ReviewID`, `Content`, `Rating`, `ReviewerName`) VALUES (20709320, 'Maiores et recusandae nam corporis eaque. Et quia minus et sunt sit tempore. Reprehenderit magnam ipsam nesciunt enim repellendus. Id nesciunt ipsum et ratione libero.', 3, 'bogisich.abe');
INSERT INTO `review` (`ReviewID`, `Content`, `Rating`, `ReviewerName`) VALUES (20726544, 'Nisi qui eum fuga quae ullam rem. Quod eius placeat atque quo dolor. Officiis vel reprehenderit esse corrupti illum rem et et.', 5, 'collins.junius');
INSERT INTO `review` (`ReviewID`, `Content`, `Rating`, `ReviewerName`) VALUES (20803601, 'Aperiam nisi dolore tempore. Autem mollitia qui eum et ut sit eligendi. Labore quis cumque optio deleniti ad iusto laboriosam necessitatibus.', 4, 'satterfield.destiny');
INSERT INTO `review` (`ReviewID`, `Content`, `Rating`, `ReviewerName`) VALUES (20976648, 'Ex fugiat consequatur et aspernatur temporibus minima vero. Eveniet molestias impedit ut vero cumque. Aut non sit ex dolores non qui sit totam. Dolore harum consequatur est molestiae.', 2, 'collins.junius');
INSERT INTO `review` (`ReviewID`, `Content`, `Rating`, `ReviewerName`) VALUES (21016578, 'Vel eum enim et qui. Non quia nisi velit nostrum quia aliquam voluptatibus aut.', 1, 'schulist.cruz');
INSERT INTO `review` (`ReviewID`, `Content`, `Rating`, `ReviewerName`) VALUES (21061139, 'Quod omnis doloribus ea expedita perferendis. Saepe sint eius nam molestiae aut iusto in quia. Consequatur tempore animi quam iste.', 3, 'june31');
INSERT INTO `review` (`ReviewID`, `Content`, `Rating`, `ReviewerName`) VALUES (21240173, 'Inventore omnis iste unde omnis repellendus molestiae nesciunt. Culpa et ea neque explicabo. Aut ut debitis voluptas.', 1, 'marlen41');
INSERT INTO `review` (`ReviewID`, `Content`, `Rating`, `ReviewerName`) VALUES (21326459, 'Est iste non voluptas porro consectetur. Autem dolore illo voluptatibus est porro. Est reiciendis ut cumque qui numquam corrupti voluptas.', 1, 'ahammes');
INSERT INTO `review` (`ReviewID`, `Content`, `Rating`, `ReviewerName`) VALUES (21330512, 'Id aut nulla culpa ipsa autem. Soluta et id quia magni voluptatem eveniet. Consectetur eaque enim magni repellat eligendi eum dolor. Ipsam fuga tempore qui quia.', 2, 'darron29');
INSERT INTO `review` (`ReviewID`, `Content`, `Rating`, `ReviewerName`) VALUES (21409473, 'Sequi dolorum modi ut sequi impedit aut. Libero iusto enim quos fuga quod atque enim.', 3, 'corwin.meredith');
INSERT INTO `review` (`ReviewID`, `Content`, `Rating`, `ReviewerName`) VALUES (21462023, 'Quas ut sed repellendus sint eos ut. Non ut placeat deserunt dolorum incidunt minima. Debitis expedita aut est sint vero. Autem voluptatem et officiis aut pariatur et.', 4, 'manuel90');
INSERT INTO `review` (`ReviewID`, `Content`, `Rating`, `ReviewerName`) VALUES (21495190, 'Aliquid perspiciatis placeat temporibus quis adipisci. Autem inventore vitae at aut quis velit in eveniet. Qui dolores nam voluptatem quia. Nulla est deserunt provident ipsum.', 1, 'yost.laurel');
INSERT INTO `review` (`ReviewID`, `Content`, `Rating`, `ReviewerName`) VALUES (21529590, 'Assumenda nulla consequatur ab velit. Illum ut aperiam rerum dolor quisquam. Magni molestias mollitia aperiam rerum eveniet. Autem quia est eos qui aliquam quibusdam.', 2, 'hparisian');
INSERT INTO `review` (`ReviewID`, `Content`, `Rating`, `ReviewerName`) VALUES (21607302, 'Et earum accusamus facilis repudiandae. Animi consequatur sequi eius eligendi est voluptas aliquid est.', 1, 'manuel90');
INSERT INTO `review` (`ReviewID`, `Content`, `Rating`, `ReviewerName`) VALUES (21646781, 'Amet sunt voluptas ab incidunt minima voluptatem. Rerum impedit repellendus et rerum perferendis non dolorum. Hic quidem et et sint mollitia dolores qui mollitia.', 2, 'jeremie86');
INSERT INTO `review` (`ReviewID`, `Content`, `Rating`, `ReviewerName`) VALUES (21710620, 'Libero nisi alias eligendi et quos. Voluptatum beatae sed amet est accusamus qui deserunt. Illum dolor quidem maiores blanditiis.', 4, 'uframi');
INSERT INTO `review` (`ReviewID`, `Content`, `Rating`, `ReviewerName`) VALUES (21819276, 'Reiciendis ea accusantium natus laudantium recusandae fugit dolor. Fugit illum est perspiciatis. Dolore beatae necessitatibus unde tempore maxime.', 2, 'd\'angelo25');
INSERT INTO `review` (`ReviewID`, `Content`, `Rating`, `ReviewerName`) VALUES (21968249, 'Unde rerum incidunt sed quia vitae non magnam. Officia vel dolorem non veritatis. Voluptate fugiat quaerat quo.', 1, 'myah48');
INSERT INTO `review` (`ReviewID`, `Content`, `Rating`, `ReviewerName`) VALUES (22240048, 'Vel quod excepturi quaerat a veniam molestias delectus. Aut assumenda ducimus ipsum quia. Impedit optio impedit nobis eligendi enim vel quibusdam illum.', 1, 'tzulauf');
INSERT INTO `review` (`ReviewID`, `Content`, `Rating`, `ReviewerName`) VALUES (22266002, 'Et et officia omnis est quia quis voluptas ipsam. Mollitia dignissimos eum asperiores eum. Itaque autem voluptatem facere. Molestiae iste nulla veniam dolorum nemo repellendus deleniti.', 4, 'jerde.jessyca');
INSERT INTO `review` (`ReviewID`, `Content`, `Rating`, `ReviewerName`) VALUES (22266430, 'Deserunt id eligendi quam incidunt. Quidem modi est quis consequatur animi excepturi. Sit dolores sunt magnam vel. Non esse harum expedita dolorum et.', 4, 'rory15');
INSERT INTO `review` (`ReviewID`, `Content`, `Rating`, `ReviewerName`) VALUES (22512832, 'Et tempore et accusantium nobis. Architecto quam nesciunt culpa eaque. Ut iusto sint quas ea sed beatae.', 2, 'casper.price');
INSERT INTO `review` (`ReviewID`, `Content`, `Rating`, `ReviewerName`) VALUES (22609978, 'Dignissimos blanditiis cupiditate placeat ut ut quis. Aut delectus quo in aut. Totam pariatur voluptas qui fugit dicta fugit vel.', 3, 'skyla.jerde');
INSERT INTO `review` (`ReviewID`, `Content`, `Rating`, `ReviewerName`) VALUES (22863004, 'Quia autem molestiae cupiditate alias autem vero. Illo sit veniam nam nihil cumque consectetur. Autem et repellat ipsa asperiores.', 5, 'erich32');
INSERT INTO `review` (`ReviewID`, `Content`, `Rating`, `ReviewerName`) VALUES (23044722, 'Asperiores beatae labore aliquid dolor neque. Facere rerum corporis laboriosam asperiores quaerat voluptatem. Accusamus perferendis natus et debitis voluptatem iure tempora rerum.', 3, 'elliott.kris');
INSERT INTO `review` (`ReviewID`, `Content`, `Rating`, `ReviewerName`) VALUES (23076432, 'Atque illo voluptatem adipisci assumenda molestias quaerat. Facilis veniam dignissimos eos. Voluptates dolore natus suscipit consequatur rerum ea aliquid.', 4, 'mohammad59');
INSERT INTO `review` (`ReviewID`, `Content`, `Rating`, `ReviewerName`) VALUES (23147155, 'Autem et dolorem provident. Doloribus ut nulla sint quam voluptates earum. Et dolor aut nesciunt autem et. Nemo recusandae aut omnis quos aut voluptas.', 5, 'ephraim39');
INSERT INTO `review` (`ReviewID`, `Content`, `Rating`, `ReviewerName`) VALUES (23340825, 'Molestiae omnis alias vitae. Eos sint tenetur voluptatem. Est qui nam ut ipsam occaecati beatae. Totam sit maxime consectetur ipsam deserunt molestiae.', 2, 'hazle13');
INSERT INTO `review` (`ReviewID`, `Content`, `Rating`, `ReviewerName`) VALUES (23385431, 'Id hic ipsa perferendis accusamus. Est nam quia voluptatum a accusantium. Consequuntur velit culpa hic ipsum culpa quod. Iste impedit cupiditate aut reprehenderit distinctio.', 2, 'rowena.hoeger');
INSERT INTO `review` (`ReviewID`, `Content`, `Rating`, `ReviewerName`) VALUES (23414844, 'Amet non illum delectus voluptatem nesciunt impedit. Consequatur maxime nobis nemo aspernatur. Ex et qui non autem expedita nihil accusamus quae.', 3, 'isobel.lakin');
INSERT INTO `review` (`ReviewID`, `Content`, `Rating`, `ReviewerName`) VALUES (23494480, 'Recusandae vel quo dolores velit. Expedita quod cum quia aut ipsa vitae impedit. Rerum sit alias dolores dolor.', 3, 'vkertzmann');
INSERT INTO `review` (`ReviewID`, `Content`, `Rating`, `ReviewerName`) VALUES (23577357, 'Dolorum sint reiciendis quisquam accusamus molestias illo officiis. Molestiae qui molestiae veritatis ut sed. Minus in sit quidem repellat. Sequi assumenda ipsa suscipit perferendis unde nemo.', 3, 'franco.corwin');
INSERT INTO `review` (`ReviewID`, `Content`, `Rating`, `ReviewerName`) VALUES (23640709, 'Quia et asperiores consequatur adipisci officia. Consectetur at esse molestiae doloremque eos minima. Harum quis quia veniam deleniti et fugiat.', 1, 'brock99');
INSERT INTO `review` (`ReviewID`, `Content`, `Rating`, `ReviewerName`) VALUES (23662222, 'Fuga non non et ad. Neque ipsa architecto qui nam quis voluptates ducimus. Sit recusandae deserunt dolorum fugiat aut sequi.', 3, 'isobel.lakin');
INSERT INTO `review` (`ReviewID`, `Content`, `Rating`, `ReviewerName`) VALUES (23670377, 'Unde magnam aperiam ea voluptate sequi repellat. In veniam sequi id iusto vero perferendis. Quia inventore saepe non voluptas doloremque dolor non.', 2, 'franco.corwin');
INSERT INTO `review` (`ReviewID`, `Content`, `Rating`, `ReviewerName`) VALUES (23750228, 'Sunt perspiciatis laboriosam voluptas similique rerum et. Illo aspernatur voluptates non est.', 1, 'mcdermott.afton');
INSERT INTO `review` (`ReviewID`, `Content`, `Rating`, `ReviewerName`) VALUES (23856054, 'Facere molestiae quam ex laborum omnis aliquam rerum. Commodi quae vero mollitia aut officia aut quos. Ea beatae inventore qui atque natus eos. Molestiae nihil atque assumenda nemo iure fugit.', 3, 'letha.daniel');
INSERT INTO `review` (`ReviewID`, `Content`, `Rating`, `ReviewerName`) VALUES (23859403, 'Deserunt nemo voluptates accusamus et modi. Voluptas et et accusantium fugiat quo voluptatem provident. Quia illo eligendi eos nihil omnis nesciunt dolore.', 2, 'brock99');
INSERT INTO `review` (`ReviewID`, `Content`, `Rating`, `ReviewerName`) VALUES (24066639, 'Placeat consequatur unde fugiat voluptas reiciendis est. Ut quia accusantium ex omnis quam pariatur tenetur rerum. Dolorem est delectus molestiae commodi doloremque.', 5, 'barton54');
INSERT INTO `review` (`ReviewID`, `Content`, `Rating`, `ReviewerName`) VALUES (24088504, 'Et et vitae perferendis. Aut consequatur saepe quis dolor accusamus est. Nihil repudiandae molestias vitae. A fuga quia ipsam blanditiis dicta voluptate dolor.', 2, 'funk.brando');
INSERT INTO `review` (`ReviewID`, `Content`, `Rating`, `ReviewerName`) VALUES (24155776, 'Dolores aliquam voluptate et. Magnam esse laborum ipsa dolor ea. Ipsa aperiam dolorum impedit quia.', 5, 'homenick.nina');
INSERT INTO `review` (`ReviewID`, `Content`, `Rating`, `ReviewerName`) VALUES (24214062, 'Inventore unde quas aut aut sapiente. Et tempore nemo dolorem id. Optio temporibus totam molestiae at rerum eligendi nisi nesciunt. Reprehenderit tempora tempora nam cumque et.', 1, 'orlo.hills');
INSERT INTO `review` (`ReviewID`, `Content`, `Rating`, `ReviewerName`) VALUES (24370938, 'Qui pariatur repellat rem quam et in repellat. Molestiae ratione molestiae voluptas et culpa aliquid rerum aliquam. Et corporis voluptatem molestias voluptatem repellendus recusandae.', 1, 'sipes.mckenzie');
INSERT INTO `review` (`ReviewID`, `Content`, `Rating`, `ReviewerName`) VALUES (24579467, 'Sit deleniti est consequatur eum aspernatur possimus sapiente. Ut delectus et iusto recusandae minus.', 4, 'lucile.prosacco');
INSERT INTO `review` (`ReviewID`, `Content`, `Rating`, `ReviewerName`) VALUES (24724784, 'Sunt occaecati nisi adipisci in quae nobis consectetur. Iure repellendus eum in omnis officiis. Assumenda rerum qui cumque iure. Sint eos neque modi occaecati.', 1, 'uhowell');
INSERT INTO `review` (`ReviewID`, `Content`, `Rating`, `ReviewerName`) VALUES (24858314, 'Qui possimus ut omnis quia sed. Alias ipsam ad non. Cumque et quidem vitae eveniet ea rerum minus.', 2, 'skyla.jerde');
INSERT INTO `review` (`ReviewID`, `Content`, `Rating`, `ReviewerName`) VALUES (25056807, 'Repellendus voluptas asperiores et. Nulla et illum amet temporibus esse vel. Sit nostrum vitae consequatur praesentium et esse. Ea et nisi molestias quam tempora quia dolorum hic.', 2, 'hills.cleta');
INSERT INTO `review` (`ReviewID`, `Content`, `Rating`, `ReviewerName`) VALUES (25110744, 'Eveniet rerum dignissimos magnam quisquam iusto. Laboriosam enim similique molestiae beatae dignissimos quidem velit. Est quia beatae quas sunt quis aperiam occaecati.', 1, 'yost.laurel');
INSERT INTO `review` (`ReviewID`, `Content`, `Rating`, `ReviewerName`) VALUES (25178106, 'Omnis eos incidunt harum est. Aspernatur quaerat id cupiditate consequatur ut. Iste ullam vel cumque occaecati inventore.', 4, 'yvon');
INSERT INTO `review` (`ReviewID`, `Content`, `Rating`, `ReviewerName`) VALUES (25223840, 'Alias quisquam praesentium quo et et numquam. Ipsum rerum aut hic dolorum non distinctio maxime. Cupiditate in vel aperiam excepturi illum non.', 3, 'mariela53');
INSERT INTO `review` (`ReviewID`, `Content`, `Rating`, `ReviewerName`) VALUES (25237418, 'Consequatur ipsa officia non explicabo est recusandae dolorem illo. Eaque voluptas quaerat velit cum nihil ut iusto cupiditate. Aut ut est nam labore dolor.', 1, 'johanna.barton');
INSERT INTO `review` (`ReviewID`, `Content`, `Rating`, `ReviewerName`) VALUES (25247976, 'Adipisci eligendi facilis molestiae qui quia aut provident. Reiciendis consectetur iste nihil quia. Totam sint est aut id. Quia vero autem sit dignissimos.', 3, 'mazie90');
INSERT INTO `review` (`ReviewID`, `Content`, `Rating`, `ReviewerName`) VALUES (25351462, 'Libero eos et tempore aut rerum numquam. Asperiores tempora illum laborum qui ea necessitatibus accusantium est. Soluta ut inventore pariatur vitae. Et dolore consequuntur amet expedita.', 5, 'antonio.aufderhar');
INSERT INTO `review` (`ReviewID`, `Content`, `Rating`, `ReviewerName`) VALUES (25548670, 'Non id qui minus qui rem reiciendis. Quis eum consequatur mollitia exercitationem. Aliquam blanditiis harum et doloribus. Praesentium sunt quam nostrum suscipit odit.', 5, 'darren.stamm');
INSERT INTO `review` (`ReviewID`, `Content`, `Rating`, `ReviewerName`) VALUES (25631035, 'Minima nihil hic animi animi exercitationem eum. Esse placeat reiciendis qui tempora id nemo. Vel ut mollitia veritatis molestias.', 1, 'corene22');
INSERT INTO `review` (`ReviewID`, `Content`, `Rating`, `ReviewerName`) VALUES (25786002, 'Ex voluptate et rerum. Quidem dolor voluptatem eveniet rerum. Porro sit aut incidunt nihil molestiae est vero. Cum magnam temporibus minus rerum optio natus et.', 2, 'kenna.tremblay');
INSERT INTO `review` (`ReviewID`, `Content`, `Rating`, `ReviewerName`) VALUES (25793277, 'Aliquid voluptatem sit omnis dolores vitae. Consequatur quis quis rem accusamus assumenda asperiores et. Enim aut dolorum neque possimus.', 4, 'homenick.nina');
INSERT INTO `review` (`ReviewID`, `Content`, `Rating`, `ReviewerName`) VALUES (26136601, 'Eum eum delectus porro consequatur est quis unde omnis. Ipsum labore at officiis distinctio. Incidunt perferendis excepturi magnam rerum laboriosam. Molestias quia sunt consequatur perspiciatis.', 3, 'trantow.watson');
INSERT INTO `review` (`ReviewID`, `Content`, `Rating`, `ReviewerName`) VALUES (26245430, 'Qui ad at iure architecto aliquid est. Rerum et molestias sed. Et velit ducimus tempora fugit ut repudiandae blanditiis.', 2, 'mwitting');
INSERT INTO `review` (`ReviewID`, `Content`, `Rating`, `ReviewerName`) VALUES (26289294, 'Non ut ut qui corporis nesciunt nobis. Expedita eos beatae praesentium aperiam cum ab tempora. Amet architecto quasi voluptas voluptatum. Fugiat voluptatum a eligendi voluptatibus.', 5, 'lucile.prosacco');
INSERT INTO `review` (`ReviewID`, `Content`, `Rating`, `ReviewerName`) VALUES (26432514, 'Voluptas iure ex aspernatur voluptate commodi aut. Est quibusdam voluptas quia aperiam. Nesciunt ea in ratione magni quidem non aliquid. Vero autem omnis dolor error voluptate fugiat voluptatem.', 3, 'elliott.kris');
INSERT INTO `review` (`ReviewID`, `Content`, `Rating`, `ReviewerName`) VALUES (26519472, 'Enim vitae sed vel et. Debitis mollitia eum optio enim officia.', 3, 'darron29');
INSERT INTO `review` (`ReviewID`, `Content`, `Rating`, `ReviewerName`) VALUES (26817505, 'Ut dolores a ullam. Rerum delectus soluta ullam tempore vel ut saepe. Dolor quo esse non.', 5, 'beahan.troy');
INSERT INTO `review` (`ReviewID`, `Content`, `Rating`, `ReviewerName`) VALUES (26839222, 'Magni et non impedit id ab quam nesciunt. Officiis consequatur est quisquam minus. Atque optio officia sit neque aut et perspiciatis aliquam.', 3, 'ottis18');
INSERT INTO `review` (`ReviewID`, `Content`, `Rating`, `ReviewerName`) VALUES (27221507, 'Suscipit laudantium quidem beatae qui. Voluptas fugit distinctio dolorum quo iure non reiciendis. Ipsum mollitia deserunt assumenda dolorem ea.', 4, 'astreich');
INSERT INTO `review` (`ReviewID`, `Content`, `Rating`, `ReviewerName`) VALUES (27316495, 'Aliquid omnis distinctio facilis porro voluptas dicta omnis. Assumenda a et quas. Aspernatur qui architecto atque eaque blanditiis ratione dicta voluptas. Quasi a qui et.', 4, 'kassandra.krajcik');
INSERT INTO `review` (`ReviewID`, `Content`, `Rating`, `ReviewerName`) VALUES (27419221, 'Et autem voluptate recusandae et. Quis temporibus voluptatem consequuntur. Officia harum voluptate vero animi. Ab tempora porro aut ipsum et a.', 5, 'ahammes');
INSERT INTO `review` (`ReviewID`, `Content`, `Rating`, `ReviewerName`) VALUES (27599075, 'Accusantium praesentium rerum reiciendis expedita aut enim. Sint ducimus voluptas repellendus non. Cupiditate consectetur hic odio perferendis et esse repellendus.', 4, 'darron29');
INSERT INTO `review` (`ReviewID`, `Content`, `Rating`, `ReviewerName`) VALUES (27811861, 'Eius id commodi repellat suscipit cupiditate occaecati libero dolor. Inventore sint quaerat rerum dolor pariatur. Accusantium laboriosam quo vel quod soluta accusantium ea.', 5, 'hills.cleta');
INSERT INTO `review` (`ReviewID`, `Content`, `Rating`, `ReviewerName`) VALUES (27951384, 'Earum sint sint qui aut. Non est reprehenderit nihil mollitia dolorem. Maiores id et dolores sit. Ut quam recusandae quisquam beatae et ut rerum optio.', 2, 'howell.kristy');
INSERT INTO `review` (`ReviewID`, `Content`, `Rating`, `ReviewerName`) VALUES (28023544, 'Qui ducimus corrupti veniam quia eaque cupiditate. Sed id aut quia quisquam at saepe non. Exercitationem impedit dicta nulla eos quia. Maiores debitis sit harum dolorem dignissimos voluptate quaerat.', 3, 'annalise85');
INSERT INTO `review` (`ReviewID`, `Content`, `Rating`, `ReviewerName`) VALUES (28042090, 'Fugiat voluptates ut quia vero. Natus nihil quod ut dolores. Consequatur saepe eos ipsum ut voluptas. Assumenda deserunt impedit vitae tenetur facere dicta. Similique esse quis delectus nemo.', 5, 'sarah94');
INSERT INTO `review` (`ReviewID`, `Content`, `Rating`, `ReviewerName`) VALUES (28204144, 'Sed rerum debitis quaerat neque amet. Harum explicabo corporis ex alias fugiat delectus illo. Sit harum maiores ea aspernatur ut.', 4, 'cristina.thiel');
INSERT INTO `review` (`ReviewID`, `Content`, `Rating`, `ReviewerName`) VALUES (28279783, 'Voluptas ut et sed voluptatibus. Beatae repellat quidem blanditiis amet dolores illum maiores ab. Saepe esse alias repellat nobis. Ea fuga iste excepturi et consectetur.', 1, 'antonio.aufderhar');
INSERT INTO `review` (`ReviewID`, `Content`, `Rating`, `ReviewerName`) VALUES (28380320, 'Dolor sint explicabo sit excepturi quis et sapiente. Maiores dolore deleniti quam non itaque. Asperiores eum et est voluptatem quibusdam quaerat.', 5, 'barton54');
INSERT INTO `review` (`ReviewID`, `Content`, `Rating`, `ReviewerName`) VALUES (28393621, 'Ea placeat nemo maiores sed rerum aspernatur. Voluptas ut dolor cum dolorem repudiandae. Cumque deserunt non harum asperiores animi maxime. Est ratione fugit possimus provident maiores aperiam.', 2, 'miles61');
INSERT INTO `review` (`ReviewID`, `Content`, `Rating`, `ReviewerName`) VALUES (28625631, 'Reiciendis enim nulla consectetur. Repellat omnis sit porro omnis iste ea aspernatur. Sint saepe odit omnis dolorem cupiditate et qui. Pariatur ut labore deleniti laborum aut harum maiores et.', 2, 'jeremie86');
INSERT INTO `review` (`ReviewID`, `Content`, `Rating`, `ReviewerName`) VALUES (28709175, 'Et ut ullam dolores dolores rerum similique. Earum vel voluptatem ad voluptatem aut corporis sit. Esse id ipsam officiis ut occaecati unde aut. Libero ducimus non aut.', 5, 'hazle13');
INSERT INTO `review` (`ReviewID`, `Content`, `Rating`, `ReviewerName`) VALUES (28786407, 'Ex dolor voluptatem ut corporis unde consequatur veritatis et. Eius consequatur natus quis enim hic unde. Eos quia nostrum ea. Enim repudiandae delectus voluptatem ratione.', 4, 'barton54');
INSERT INTO `review` (`ReviewID`, `Content`, `Rating`, `ReviewerName`) VALUES (29060678, 'Magni harum ea dolor et dolores optio sed illo. Omnis quo voluptatem vel enim voluptatem sunt atque. Repellendus adipisci assumenda consequatur accusamus.', 3, 'corene22');
INSERT INTO `review` (`ReviewID`, `Content`, `Rating`, `ReviewerName`) VALUES (29111979, 'Ab non consequatur est consectetur velit molestiae. Necessitatibus reprehenderit repellendus porro est. Dolores quasi aut libero consectetur nostrum repellendus et. Ea quam quibusdam hic iusto iste.', 5, 'ujohnston');
INSERT INTO `review` (`ReviewID`, `Content`, `Rating`, `ReviewerName`) VALUES (29115273, 'Vero laudantium fugiat minus accusantium qui est optio. Non autem voluptas rerum et. Fuga error perferendis nihil deleniti tempore et modi.', 2, 'shills');
INSERT INTO `review` (`ReviewID`, `Content`, `Rating`, `ReviewerName`) VALUES (29165772, 'Ad iure id amet. Quaerat asperiores occaecati sunt eligendi. Consequuntur aut id quaerat blanditiis animi voluptatem. Dolores iusto et expedita unde. Ipsum qui nesciunt rerum repellendus.', 4, 'lisa.turcotte');
INSERT INTO `review` (`ReviewID`, `Content`, `Rating`, `ReviewerName`) VALUES (29214739, 'Doloribus incidunt quas temporibus et voluptas velit. Officia vero ipsum ad sunt amet. Ut sequi pariatur ut aut.', 2, 'wilderman.anabelle');
INSERT INTO `review` (`ReviewID`, `Content`, `Rating`, `ReviewerName`) VALUES (29225629, 'Impedit eos ex totam beatae minima ut. Ut expedita autem dolor enim quis. Nostrum officia repudiandae qui quaerat et.', 3, 'bergnaum.arielle');
INSERT INTO `review` (`ReviewID`, `Content`, `Rating`, `ReviewerName`) VALUES (29242430, 'Consectetur tenetur veritatis minus recusandae et esse excepturi. Corporis corporis optio consequatur odit.', 2, 'joany63');
INSERT INTO `review` (`ReviewID`, `Content`, `Rating`, `ReviewerName`) VALUES (29269315, 'Et hic eligendi et harum enim non vel. Autem quis necessitatibus et earum consequatur aut labore. Ea atque minima ea.', 1, 'corwin.meredith');
INSERT INTO `review` (`ReviewID`, `Content`, `Rating`, `ReviewerName`) VALUES (29304284, 'Maiores debitis facilis facilis. Quae ad provident dignissimos ducimus quam. Qui ut suscipit tempore cumque rem. Fuga perferendis dolorum necessitatibus ut sit aut tempore.', 5, 'astreich');
INSERT INTO `review` (`ReviewID`, `Content`, `Rating`, `ReviewerName`) VALUES (29372152, 'Eius et voluptates omnis aspernatur. Voluptatum at nostrum laboriosam deserunt. Qui dolores et reiciendis rem libero iste.', 2, 'trantow.watson');
INSERT INTO `review` (`ReviewID`, `Content`, `Rating`, `ReviewerName`) VALUES (29537724, 'Nesciunt deleniti voluptatem earum praesentium voluptatem. Iure vel eum quia esse eos nihil quis. Nostrum rerum iusto rerum. Quaerat sed et nihil laborum quo maiores consequatur.', 1, 'ellen.murray');
INSERT INTO `review` (`ReviewID`, `Content`, `Rating`, `ReviewerName`) VALUES (29631141, 'Nihil sed maiores dolor atque eius fuga ex. Ut aut dolores quam id quidem. Velit tenetur ipsam facere velit nihil.', 3, 'qmonahan');
INSERT INTO `review` (`ReviewID`, `Content`, `Rating`, `ReviewerName`) VALUES (29644509, 'Quo a deserunt est non in temporibus eos. Nam officia quibusdam nostrum ipsum tempore accusamus. Nihil eos consequatur id illo quo reprehenderit sunt.', 2, 'christina.jacobson');
INSERT INTO `review` (`ReviewID`, `Content`, `Rating`, `ReviewerName`) VALUES (29677995, 'Iure incidunt et velit eius est recusandae. Ut quas dolorem et saepe cumque. Suscipit minus voluptatem temporibus. Aliquam debitis eos incidunt a non eum officia fugiat.', 4, 'howell.kristy');
INSERT INTO `review` (`ReviewID`, `Content`, `Rating`, `ReviewerName`) VALUES (29843267, 'Nemo assumenda et ducimus. Doloremque expedita velit dolore atque vero. Unde voluptas aut quisquam laudantium repellendus.', 3, 'anderson.daphney');
INSERT INTO `review` (`ReviewID`, `Content`, `Rating`, `ReviewerName`) VALUES (29857810, 'Animi aut qui eligendi et aspernatur. Cupiditate cumque voluptates et adipisci pariatur. Illo nemo autem quia illum ea. Temporibus voluptatibus reiciendis harum ut autem.', 1, 'mariela53');
INSERT INTO `review` (`ReviewID`, `Content`, `Rating`, `ReviewerName`) VALUES (30184926, 'Et eius in iure quia. Dicta ut fuga sit nam aut. Mollitia accusantium ut tempora rerum nihil laudantium. Quia est corrupti repudiandae.', 1, 'erich32');
INSERT INTO `review` (`ReviewID`, `Content`, `Rating`, `ReviewerName`) VALUES (30385208, 'Corporis quam quas sit ut dignissimos nihil repellat. Qui vel perspiciatis ut minima. Doloremque laudantium voluptatum ut magni. Sapiente et eos minus velit.', 4, 'yoshiko.kassulke');
INSERT INTO `review` (`ReviewID`, `Content`, `Rating`, `ReviewerName`) VALUES (30449384, 'Maiores fuga id facilis eaque. Qui quis aliquid iure vitae odio voluptas iusto. Tempore iure illo doloribus iusto quis.', 3, 'naufderhar');
INSERT INTO `review` (`ReviewID`, `Content`, `Rating`, `ReviewerName`) VALUES (30483832, 'Possimus et veritatis harum quo. Atque eligendi rem reiciendis animi ut et id.', 2, 'joany63');
INSERT INTO `review` (`ReviewID`, `Content`, `Rating`, `ReviewerName`) VALUES (30506173, 'Totam sint magnam earum et iure ipsa. Vel laborum consequatur facere ut qui dolorem. Modi omnis voluptas ut maxime ut nostrum placeat.', 5, 'isobel.lakin');
INSERT INTO `review` (`ReviewID`, `Content`, `Rating`, `ReviewerName`) VALUES (30533400, 'Voluptatum asperiores fuga et ut. Quam qui voluptatem omnis odit a. Incidunt laborum fugiat voluptate.', 5, 'fleta75');
INSERT INTO `review` (`ReviewID`, `Content`, `Rating`, `ReviewerName`) VALUES (30560094, 'Cum delectus impedit nesciunt explicabo nesciunt magni et. Eos enim autem veritatis minima deserunt. Cum qui ex consequatur rerum.', 3, 'elliott.kris');
INSERT INTO `review` (`ReviewID`, `Content`, `Rating`, `ReviewerName`) VALUES (30631241, 'Quam repellendus veniam tenetur qui sit. Ex nostrum adipisci excepturi quasi odio. Commodi iure dolores tempore. Eaque deleniti qui delectus deserunt.', 5, 'ephraim39');
INSERT INTO `review` (`ReviewID`, `Content`, `Rating`, `ReviewerName`) VALUES (30716680, 'Et aut error sequi esse quia. Non aut nesciunt velit. Dolorem nostrum neque beatae est reiciendis porro odit.', 3, 'corene22');
INSERT INTO `review` (`ReviewID`, `Content`, `Rating`, `ReviewerName`) VALUES (30811722, 'Quas dolore excepturi ex et illo quasi. Omnis inventore voluptatem odit. Voluptatem modi quae dolor soluta nihil consequatur.', 2, 'tjohns');
INSERT INTO `review` (`ReviewID`, `Content`, `Rating`, `ReviewerName`) VALUES (31124006, 'Aspernatur facilis nemo mollitia. Sapiente aut pariatur voluptatem quas tenetur et perferendis est. Ipsum quaerat maiores praesentium corporis vel cumque.', 3, 'beahan.troy');
INSERT INTO `review` (`ReviewID`, `Content`, `Rating`, `ReviewerName`) VALUES (31187533, 'Sapiente consectetur facere ex voluptatem assumenda reiciendis. Eum occaecati fuga fugit est aut sit facilis. Aut quas autem voluptatem voluptate unde corrupti in.', 3, 'davion.kub');
INSERT INTO `review` (`ReviewID`, `Content`, `Rating`, `ReviewerName`) VALUES (31245326, 'Rerum at tempore dolores provident aliquam. Suscipit aut accusamus aut aut odio vero deleniti. Fugit sunt error ea et accusantium aspernatur. Voluptatem aperiam aliquid provident est sint.', 3, 'collins.junius');
INSERT INTO `review` (`ReviewID`, `Content`, `Rating`, `ReviewerName`) VALUES (31446462, 'Sed quasi assumenda dolor et magnam. Consequatur quia quidem molestias sunt enim. Est velit beatae facere ad ut et rerum voluptate.', 1, 'corene22');
INSERT INTO `review` (`ReviewID`, `Content`, `Rating`, `ReviewerName`) VALUES (31456855, 'Dolor maiores nam dolores exercitationem nam. Ab saepe quam id assumenda. Voluptatem ut explicabo quia debitis enim.', 2, 'deven76');
INSERT INTO `review` (`ReviewID`, `Content`, `Rating`, `ReviewerName`) VALUES (31478574, 'A in modi quos quasi cumque quia. Natus voluptatem voluptatibus rem odit nam. Nemo dolore aspernatur dicta. Consequuntur est aut nihil sit molestias et.', 1, 'ottis18');
INSERT INTO `review` (`ReviewID`, `Content`, `Rating`, `ReviewerName`) VALUES (31515344, 'Exercitationem praesentium beatae eius nihil qui adipisci. Qui quidem quo et consequatur error quidem doloremque exercitationem. Sit in quia quas eos voluptatem.', 4, 'cristina.thiel');
INSERT INTO `review` (`ReviewID`, `Content`, `Rating`, `ReviewerName`) VALUES (31590803, 'Cupiditate sint consequuntur minima. Veniam molestias velit sint doloremque nulla. Consectetur natus aut ab. Quo minus autem in aspernatur.', 2, 'miles61');
INSERT INTO `review` (`ReviewID`, `Content`, `Rating`, `ReviewerName`) VALUES (31597963, 'Eos odio reiciendis et dolorem. Iste dolores et ipsam vel. Cum ipsa consequatur quia natus inventore.', 3, 'vito.glover');
INSERT INTO `review` (`ReviewID`, `Content`, `Rating`, `ReviewerName`) VALUES (31628180, 'Dolorem expedita quisquam aperiam. Consequuntur omnis eligendi alias quia blanditiis est reiciendis. Eos ut laboriosam qui vel. Harum et omnis sequi eos.', 3, 'satterfield.destiny');
INSERT INTO `review` (`ReviewID`, `Content`, `Rating`, `ReviewerName`) VALUES (31797331, 'Porro itaque dolor autem. Repudiandae rerum magnam veniam est minima in. Aspernatur ut earum quibusdam ut iste nulla occaecati. Quas et tempore soluta optio quidem architecto non.', 4, 'phessel');
INSERT INTO `review` (`ReviewID`, `Content`, `Rating`, `ReviewerName`) VALUES (31874271, 'Hic sit voluptate amet atque nihil omnis deserunt. Maxime modi et nemo distinctio recusandae laudantium asperiores. Architecto temporibus quidem non. Est odio consectetur ullam ad repellat non.', 2, 'madelynn71');
INSERT INTO `review` (`ReviewID`, `Content`, `Rating`, `ReviewerName`) VALUES (31877771, 'Et sit totam voluptas molestiae omnis libero quas. Libero id libero quis et saepe sit. Omnis illo saepe quo rerum est. Id doloremque qui repudiandae nam quibusdam delectus quis ex.', 1, 'anderson.daphney');
INSERT INTO `review` (`ReviewID`, `Content`, `Rating`, `ReviewerName`) VALUES (31980389, 'Et minima temporibus minus ut nihil quia vel alias. Enim sed voluptatem nulla corrupti totam. Incidunt perspiciatis iusto dolor consequatur consequatur. Et enim illo minima.', 3, 'wilderman.anabelle');
INSERT INTO `review` (`ReviewID`, `Content`, `Rating`, `ReviewerName`) VALUES (32058945, 'Dolor voluptatem voluptatibus quod quod deserunt molestias minima. Repudiandae non laudantium repellendus rerum. Doloribus est voluptates non et. Error quas alias quam sit voluptas.', 5, 'satterfield.destiny');
INSERT INTO `review` (`ReviewID`, `Content`, `Rating`, `ReviewerName`) VALUES (32121821, 'Atque inventore aut sed deserunt. Et eaque tempore quos praesentium autem sit ratione et. Rerum placeat aut aut omnis eaque nulla quae.', 4, 'miles61');
INSERT INTO `review` (`ReviewID`, `Content`, `Rating`, `ReviewerName`) VALUES (32126279, 'Expedita est perferendis vel doloribus ut. Amet expedita voluptas vel qui nemo nulla.', 5, 'cristina.thiel');
INSERT INTO `review` (`ReviewID`, `Content`, `Rating`, `ReviewerName`) VALUES (32292911, 'Velit et sapiente pariatur culpa impedit. Doloremque natus natus praesentium.', 2, 'darren.stamm');
INSERT INTO `review` (`ReviewID`, `Content`, `Rating`, `ReviewerName`) VALUES (32325766, 'Aliquam est dolorum quas voluptatem. Atque sunt qui qui accusantium voluptatibus nam. Inventore laudantium iusto quisquam nostrum earum animi recusandae accusamus. Natus vel sapiente ducimus atque.', 2, 'hills.cleta');
INSERT INTO `review` (`ReviewID`, `Content`, `Rating`, `ReviewerName`) VALUES (32389770, 'Incidunt officiis nulla quisquam enim pariatur. Qui similique ea nisi modi. Dignissimos necessitatibus et odit repellendus iste ullam.', 4, 'brandyn22');
INSERT INTO `review` (`ReviewID`, `Content`, `Rating`, `ReviewerName`) VALUES (32643430, 'Enim laudantium autem laboriosam distinctio dignissimos sunt iste. Inventore modi odit eaque. Consequatur debitis repellat enim at nihil. Deserunt quae quasi qui nihil quasi.', 4, 'davion.kub');
INSERT INTO `review` (`ReviewID`, `Content`, `Rating`, `ReviewerName`) VALUES (32716164, 'Iste quis quia ut aut repellendus aut sequi excepturi. Aut omnis quod nesciunt voluptas earum eius omnis. Enim et sunt est. Laudantium aut ullam consequatur.', 3, 'ellen.murray');
INSERT INTO `review` (`ReviewID`, `Content`, `Rating`, `ReviewerName`) VALUES (32847885, 'Eligendi quia et aliquid et sint. Optio veritatis magni iste porro. Et amet facilis qui quas est.', 4, 'mcdermott.afton');
INSERT INTO `review` (`ReviewID`, `Content`, `Rating`, `ReviewerName`) VALUES (33094140, 'Sit aperiam blanditiis quod repellat doloribus. Tenetur nam blanditiis omnis vero. Dolorum necessitatibus nostrum quos natus.', 1, 'ottis18');
INSERT INTO `review` (`ReviewID`, `Content`, `Rating`, `ReviewerName`) VALUES (33279119, 'Animi sit minus facilis esse. Eos iusto provident nesciunt. Culpa dicta sit qui quos iusto blanditiis reiciendis velit.', 3, 'christina.jacobson');
INSERT INTO `review` (`ReviewID`, `Content`, `Rating`, `ReviewerName`) VALUES (33386589, 'Nihil dolores delectus iste vel distinctio fugiat quod. Ut vitae eaque aspernatur nisi quos repellendus tempore ab. Nihil aliquam debitis laborum tempore omnis aperiam molestiae.', 1, 'rasheed.gusikowski');
INSERT INTO `review` (`ReviewID`, `Content`, `Rating`, `ReviewerName`) VALUES (33435951, 'Corrupti consequatur ut non eius aliquid perspiciatis esse voluptatem. Commodi a doloremque quia magnam adipisci iure. Odit quia consequatur libero assumenda commodi voluptatem quis totam.', 3, 'wiza.damian');
INSERT INTO `review` (`ReviewID`, `Content`, `Rating`, `ReviewerName`) VALUES (33485318, 'Sed officiis quas est qui et. Minus enim fugiat consequatur rerum voluptatibus porro. Autem id amet deserunt magni.', 4, 'joany63');
INSERT INTO `review` (`ReviewID`, `Content`, `Rating`, `ReviewerName`) VALUES (33629708, 'Repudiandae ad reprehenderit quis nesciunt voluptatum non ducimus autem. Et temporibus aut dolore quibusdam sint ut. Veniam eius non quod blanditiis. Ut excepturi esse esse sapiente et dignissimos.', 5, 'darren.stamm');
INSERT INTO `review` (`ReviewID`, `Content`, `Rating`, `ReviewerName`) VALUES (33749982, 'Dolorem aliquid eos eos. Cupiditate impedit et voluptatem consequatur placeat delectus.', 2, 'wiza.damian');
INSERT INTO `review` (`ReviewID`, `Content`, `Rating`, `ReviewerName`) VALUES (34371423, 'In blanditiis accusantium qui cumque placeat totam repellat. Quisquam iure numquam sed sit reprehenderit alias distinctio modi. Doloribus mollitia blanditiis at maiores et ratione.', 1, 'marlen41');
INSERT INTO `review` (`ReviewID`, `Content`, `Rating`, `ReviewerName`) VALUES (34516647, 'Ut ut quam sequi sed est voluptates error quae. Quos quisquam iste incidunt iure. Alias numquam voluptates et sit. Saepe quam occaecati ut velit rem quia consequatur veniam.', 1, 'd\'angelo25');
INSERT INTO `review` (`ReviewID`, `Content`, `Rating`, `ReviewerName`) VALUES (34652148, 'Nulla distinctio veniam aliquid voluptatibus est doloremque. Esse nisi delectus voluptatem sit doloribus sed ea adipisci. Vero minima ut ipsum labore.', 1, 'kassandra.krajcik');
INSERT INTO `review` (`ReviewID`, `Content`, `Rating`, `ReviewerName`) VALUES (34723111, 'Sint optio vel quasi. Libero est quod in soluta suscipit. Dicta numquam perferendis odio tempora maxime et. Dolorum magnam nihil accusantium velit ut.', 5, 'rasheed.gusikowski');
INSERT INTO `review` (`ReviewID`, `Content`, `Rating`, `ReviewerName`) VALUES (34724033, 'Commodi quae fugiat ut quasi iusto alias. Ducimus rerum dolore qui fugit. Et aut velit animi non maiores. Officiis aliquam in officia unde adipisci nostrum quis.', 5, 'o\'conner.corbin');
INSERT INTO `review` (`ReviewID`, `Content`, `Rating`, `ReviewerName`) VALUES (34814496, 'Facilis qui veniam adipisci ea sit error. Ut similique omnis ipsa. Voluptas incidunt vero eos repellendus ad magnam est voluptas.', 5, 'hazle13');
INSERT INTO `review` (`ReviewID`, `Content`, `Rating`, `ReviewerName`) VALUES (34917919, 'Et ab vel sapiente quidem. Sunt qui autem quaerat fugit enim optio perferendis. Repellendus eaque aut consequatur sed quis quia. Dolorum et quae sunt.', 4, 'kristofer13');
INSERT INTO `review` (`ReviewID`, `Content`, `Rating`, `ReviewerName`) VALUES (34974028, 'Labore occaecati qui ab commodi officia. Esse mollitia qui aut omnis ab iusto excepturi autem. Aut quia beatae iusto consequatur impedit quia porro dolorem.', 2, 'deven76');
INSERT INTO `review` (`ReviewID`, `Content`, `Rating`, `ReviewerName`) VALUES (35009924, 'Quas non voluptatem voluptatum eos. Provident neque autem quam vel aspernatur rerum.\nEaque odit molestiae mollitia expedita rerum. Voluptatem sequi asperiores sint et. Nisi et sunt et quas.', 4, 'corwin.meredith');
INSERT INTO `review` (`ReviewID`, `Content`, `Rating`, `ReviewerName`) VALUES (35022303, 'Nihil illo eum rem tempora ipsum. Aut reprehenderit omnis rerum velit. Vitae optio iste rem itaque excepturi non.', 2, 'gshields');
INSERT INTO `review` (`ReviewID`, `Content`, `Rating`, `ReviewerName`) VALUES (35356034, 'Qui aut quo vitae ipsa eveniet harum. Iure exercitationem enim quo doloremque. Reprehenderit voluptate et corporis et. Saepe rerum quibusdam praesentium dolorem.', 1, 'ottis18');
INSERT INTO `review` (`ReviewID`, `Content`, `Rating`, `ReviewerName`) VALUES (35381373, 'Voluptas ut nobis et amet hic expedita. Nulla quidem expedita aut. Enim suscipit vel praesentium quia. Aut odit rem nobis quae. Enim vitae esse quia voluptatum officia.', 4, 'kassandra.krajcik');
INSERT INTO `review` (`ReviewID`, `Content`, `Rating`, `ReviewerName`) VALUES (35435349, 'Ad dolorem a nobis tempore. Dignissimos exercitationem ratione aut fuga voluptatem. Atque earum recusandae velit illum eos. Nam libero numquam autem accusamus voluptate consequatur.', 3, 'hyatt.lee');
INSERT INTO `review` (`ReviewID`, `Content`, `Rating`, `ReviewerName`) VALUES (35455218, 'Laudantium provident eos numquam doloribus voluptatem. A qui maxime dolorem recusandae consequatur rerum architecto. Sit at voluptas voluptas et quo.', 1, 'ohuel');
INSERT INTO `review` (`ReviewID`, `Content`, `Rating`, `ReviewerName`) VALUES (35513124, 'Inventore expedita impedit incidunt iure. Accusamus hic nisi quam impedit autem maiores unde. Unde debitis quis sit. Assumenda et quae dolores doloremque nihil atque.', 3, 'yvon');
INSERT INTO `review` (`ReviewID`, `Content`, `Rating`, `ReviewerName`) VALUES (35561879, 'Adipisci enim fugit velit. Sit exercitationem cupiditate fuga deserunt. Quam doloribus accusamus quia. Illum harum assumenda error rerum minima.', 1, 'kassandra.krajcik');
INSERT INTO `review` (`ReviewID`, `Content`, `Rating`, `ReviewerName`) VALUES (35705691, 'Et minus deleniti recusandae quod atque. Est ea recusandae velit iste quo molestiae ab. Fugit placeat labore dolorem suscipit. Eos quo at earum asperiores earum odit.', 5, 'kristofer13');
INSERT INTO `review` (`ReviewID`, `Content`, `Rating`, `ReviewerName`) VALUES (35759349, 'Voluptas quia facilis eius non. Quis aliquid accusamus voluptatem quam distinctio error. Et itaque enim rerum ipsa. Sed voluptatibus est earum magnam.', 2, 'lgreenfelder');
INSERT INTO `review` (`ReviewID`, `Content`, `Rating`, `ReviewerName`) VALUES (35823820, 'Distinctio in quo consectetur error et. Quia excepturi inventore optio natus. Rerum voluptate enim tempora a fugiat.', 1, 'ephraim39');
INSERT INTO `review` (`ReviewID`, `Content`, `Rating`, `ReviewerName`) VALUES (35951794, 'Delectus illo autem facilis eos perferendis quia. Fuga laboriosam repellat quisquam.', 3, 'bernardo76');
INSERT INTO `review` (`ReviewID`, `Content`, `Rating`, `ReviewerName`) VALUES (36128753, 'Dignissimos velit reprehenderit et sit. Omnis natus similique quae minima maiores occaecati eum. Soluta saepe numquam aut. Amet ipsa corporis sed iste. Eum quam consectetur incidunt eum est.', 4, 'maribel.rutherford');
INSERT INTO `review` (`ReviewID`, `Content`, `Rating`, `ReviewerName`) VALUES (36136920, 'Esse quibusdam dolorem voluptatem in adipisci quis ab. Atque qui esse inventore provident minima qui. Dignissimos aliquam omnis provident impedit.', 5, 'otillman');
INSERT INTO `review` (`ReviewID`, `Content`, `Rating`, `ReviewerName`) VALUES (36265213, 'Itaque dolores eaque sit aliquam. Rem est animi accusamus tenetur nobis accusantium beatae. Et dolores ab voluptates dicta. Sed dolorem consequatur aut sed.', 4, 'erich32');
INSERT INTO `review` (`ReviewID`, `Content`, `Rating`, `ReviewerName`) VALUES (36326007, 'Magnam velit ullam ex esse et veritatis occaecati praesentium. Consequatur quasi assumenda ex deleniti dolorum. Quam et et quis eum earum a. Ut voluptatem adipisci asperiores qui.', 5, 'sebastian65');
INSERT INTO `review` (`ReviewID`, `Content`, `Rating`, `ReviewerName`) VALUES (36440726, 'Nam quia soluta dolor est voluptatem. At consequatur et laudantium aut porro ipsa. Sed sapiente enim voluptatem. Dolor quo dolores nobis saepe aliquid esse.', 3, 'myah48');
INSERT INTO `review` (`ReviewID`, `Content`, `Rating`, `ReviewerName`) VALUES (36512025, 'Alias est neque illum sint. Numquam repellat aliquam qui sunt. Corrupti molestiae qui magnam et repudiandae et excepturi. Cumque omnis impedit culpa animi et excepturi.', 2, 'tzulauf');
INSERT INTO `review` (`ReviewID`, `Content`, `Rating`, `ReviewerName`) VALUES (36594709, 'Quia voluptatem voluptatem illo eos. Delectus consequatur similique magni blanditiis tenetur porro. Voluptas velit dolore et hic ea maiores libero. Corrupti saepe rem recusandae aut sed.', 4, 'o\'conner.corbin');
INSERT INTO `review` (`ReviewID`, `Content`, `Rating`, `ReviewerName`) VALUES (36683529, 'Quam est eligendi voluptatem temporibus dolorem. Maxime deleniti voluptatum non qui aliquam omnis magni. Ut iste deleniti facere aut.', 4, 'o\'conner.corbin');
INSERT INTO `review` (`ReviewID`, `Content`, `Rating`, `ReviewerName`) VALUES (36791671, 'Quia quis quis molestias quibusdam quo dolorum est. Perspiciatis sed sed aut consequatur. Illo ex praesentium perferendis rerum quam autem ullam.', 2, 'wiza.damian');
INSERT INTO `review` (`ReviewID`, `Content`, `Rating`, `ReviewerName`) VALUES (36827139, 'Hic consequatur aut autem quis voluptatum voluptas. Numquam praesentium beatae quia animi. Dolorem ad consectetur vitae quo architecto omnis. Et occaecati dolores quaerat eos culpa et voluptas.', 4, 'mohammad59');
INSERT INTO `review` (`ReviewID`, `Content`, `Rating`, `ReviewerName`) VALUES (37016924, 'Cupiditate doloremque voluptatem non animi. Dolorem ipsa ut aut occaecati. Qui quas iure autem.', 4, 'marlen41');
INSERT INTO `review` (`ReviewID`, `Content`, `Rating`, `ReviewerName`) VALUES (37042048, 'Quaerat ut nulla dolore. Maiores et maiores aut delectus qui. Id necessitatibus vero est ipsum amet aut. Eos rem nostrum sit sint est neque et.', 3, 'jerde.jessyca');
INSERT INTO `review` (`ReviewID`, `Content`, `Rating`, `ReviewerName`) VALUES (37068709, 'Nihil deleniti omnis sit. Itaque et et voluptatibus voluptatem voluptas sed. Et voluptatum repellendus et est.', 2, 'howell.kristy');
INSERT INTO `review` (`ReviewID`, `Content`, `Rating`, `ReviewerName`) VALUES (37084082, 'Earum nostrum nulla nostrum beatae similique labore. Culpa vel minima nisi hic enim. Optio tempore totam nulla voluptatum. Sapiente aliquam tempora voluptatem iusto consequatur.', 2, 'ohuel');
INSERT INTO `review` (`ReviewID`, `Content`, `Rating`, `ReviewerName`) VALUES (37089666, 'Et qui ipsum explicabo delectus earum. Quae qui sapiente tenetur asperiores. Quisquam est error maxime.', 2, 'kristofer13');
INSERT INTO `review` (`ReviewID`, `Content`, `Rating`, `ReviewerName`) VALUES (37117738, 'Fuga id voluptas autem dolorem est. Distinctio voluptatem assumenda odit necessitatibus. Qui fuga sunt ea voluptatum accusamus qui hic.', 2, 'lisa.turcotte');
INSERT INTO `review` (`ReviewID`, `Content`, `Rating`, `ReviewerName`) VALUES (37274086, 'Nemo nostrum omnis in quo reiciendis soluta. Velit odit enim eius neque in eos. Nihil impedit et maxime et optio et aliquid praesentium.', 2, 'd\'angelo25');
INSERT INTO `review` (`ReviewID`, `Content`, `Rating`, `ReviewerName`) VALUES (37374712, 'Vel et est voluptas in. Dolor rerum sit hic sequi esse blanditiis.', 4, 'lgreenfelder');
INSERT INTO `review` (`ReviewID`, `Content`, `Rating`, `ReviewerName`) VALUES (37608585, 'Quidem doloremque pariatur delectus recusandae provident expedita praesentium. Sed possimus error et dignissimos explicabo praesentium. Odio nesciunt et deserunt voluptatibus.', 2, 'hills.cleta');
INSERT INTO `review` (`ReviewID`, `Content`, `Rating`, `ReviewerName`) VALUES (37878747, 'Ipsam voluptatibus saepe quas dolorem. Autem velit praesentium dolores deleniti beatae.\nVeniam quos doloremque id aut. Sed voluptas ea voluptatibus error debitis cumque ullam.', 5, 'orlo.hills');
INSERT INTO `review` (`ReviewID`, `Content`, `Rating`, `ReviewerName`) VALUES (37940415, 'Numquam adipisci qui ea cum eum quod sit. Omnis dolores est ipsum.\nDolor eligendi molestias dolores voluptatibus ut. Voluptas sequi et non qui. Sunt aut in amet est.', 1, 'schulist.cruz');
INSERT INTO `review` (`ReviewID`, `Content`, `Rating`, `ReviewerName`) VALUES (37992397, 'Voluptatem et quisquam eligendi consequatur sequi. Sit eum et soluta sunt consectetur. Alias ut vel necessitatibus. Ut voluptatem nam aliquid.', 1, 'kenna.tremblay');
INSERT INTO `review` (`ReviewID`, `Content`, `Rating`, `ReviewerName`) VALUES (38005502, 'Magni est et nesciunt sint. Dolorem qui ipsam sed deserunt praesentium quidem aut. Sed at quia illum ad vel et natus.', 3, 'naufderhar');
INSERT INTO `review` (`ReviewID`, `Content`, `Rating`, `ReviewerName`) VALUES (38063765, 'Eligendi molestiae tempore quas ipsum in veritatis. Dolorum aperiam alias recusandae quos. Delectus incidunt non dolores ratione laudantium rerum tempora.', 4, 'trogahn');
INSERT INTO `review` (`ReviewID`, `Content`, `Rating`, `ReviewerName`) VALUES (38094336, 'Est molestiae nihil aperiam commodi inventore hic et. Et vel praesentium nulla. Provident error explicabo est.', 5, 'isobel.lakin');
INSERT INTO `review` (`ReviewID`, `Content`, `Rating`, `ReviewerName`) VALUES (38110964, 'Et accusantium voluptatem voluptatibus. Occaecati ipsum inventore et autem rem expedita. Illo minus sunt deserunt eveniet.', 2, 'astreich');
INSERT INTO `review` (`ReviewID`, `Content`, `Rating`, `ReviewerName`) VALUES (38240695, 'Suscipit nesciunt ullam fuga ipsam eveniet et. Aperiam consectetur nisi rerum culpa magnam facilis quo. Rem sapiente sed sit dolorem eveniet.', 5, 'corene22');
INSERT INTO `review` (`ReviewID`, `Content`, `Rating`, `ReviewerName`) VALUES (38271903, 'Vel illo nihil impedit sint quo. Sint enim dignissimos blanditiis vitae est consequatur suscipit ipsam. Sit voluptatem quis rem aspernatur excepturi magni.', 1, 'collins.junius');
INSERT INTO `review` (`ReviewID`, `Content`, `Rating`, `ReviewerName`) VALUES (38279093, 'Quia natus voluptatem unde repudiandae autem. Aut eius aut suscipit iste non quos itaque quos.', 4, 'fleta75');
INSERT INTO `review` (`ReviewID`, `Content`, `Rating`, `ReviewerName`) VALUES (38444439, 'Perferendis ipsa accusamus numquam. Fugiat odit fugit consequatur amet. Culpa nihil dicta quaerat assumenda mollitia recusandae esse consequatur.', 5, 'beahan.troy');
INSERT INTO `review` (`ReviewID`, `Content`, `Rating`, `ReviewerName`) VALUES (38569046, 'Quae fugiat autem quaerat quo illum est maiores. Excepturi eligendi et architecto mollitia ipsum sed beatae aut. Fuga autem et est aliquid eos excepturi assumenda.', 4, 'davion.kub');
INSERT INTO `review` (`ReviewID`, `Content`, `Rating`, `ReviewerName`) VALUES (38775604, 'Adipisci ea assumenda est ex cum voluptate sed. Dicta qui ipsam aut necessitatibus et. Sit suscipit hic qui illo. Magni perspiciatis nihil ratione.', 3, 'jeremie86');
INSERT INTO `review` (`ReviewID`, `Content`, `Rating`, `ReviewerName`) VALUES (38818554, 'Sit sunt error eveniet et. Explicabo itaque natus ipsum dicta tempore id. Facere molestias assumenda recusandae aut voluptatum possimus. Et ut mollitia expedita sequi commodi.', 2, 'lgreenfelder');
INSERT INTO `review` (`ReviewID`, `Content`, `Rating`, `ReviewerName`) VALUES (38905424, 'Minima est aut atque voluptatem voluptatum. Quis provident est culpa quo rerum accusamus soluta. Dolor ut illum quia illo consequatur. Delectus exercitationem totam enim amet reprehenderit.', 2, 'jerde.jessyca');
INSERT INTO `review` (`ReviewID`, `Content`, `Rating`, `ReviewerName`) VALUES (39007296, 'Voluptatem tenetur consequatur accusantium ratione aut qui. Veritatis et et aut quia. Vel deserunt deserunt error ea.', 3, 'rory15');
INSERT INTO `review` (`ReviewID`, `Content`, `Rating`, `ReviewerName`) VALUES (39055008, 'Eos aliquid aliquid ut necessitatibus quis nihil temporibus. Labore sed aut occaecati quo. Natus voluptatibus accusantium quisquam sapiente. Accusamus dolorem corporis saepe porro.', 3, 'howell.kristy');
INSERT INTO `review` (`ReviewID`, `Content`, `Rating`, `ReviewerName`) VALUES (39119687, 'Est sit corporis quia voluptatem culpa nisi non aut. Aut debitis voluptatum repellendus voluptas sit. Sed ut delectus quis nobis optio. Illum maxime ut quo et quasi.', 5, 'lisa.turcotte');
INSERT INTO `review` (`ReviewID`, `Content`, `Rating`, `ReviewerName`) VALUES (39269820, 'Et modi quaerat voluptas commodi alias suscipit. Nostrum consequatur unde expedita autem. Perspiciatis maiores qui eum cum.', 2, 'johanna.barton');
INSERT INTO `review` (`ReviewID`, `Content`, `Rating`, `ReviewerName`) VALUES (39482519, 'Vero a ab sed. Minima culpa ratione et. Fugit impedit rerum nesciunt et non odio voluptas ullam.', 2, 'vito.glover');
INSERT INTO `review` (`ReviewID`, `Content`, `Rating`, `ReviewerName`) VALUES (39545209, 'Quas enim tempora ut quaerat officiis. Omnis ut et perspiciatis fuga. Dolores architecto sint explicabo ea.', 1, 'wolff.morris');
INSERT INTO `review` (`ReviewID`, `Content`, `Rating`, `ReviewerName`) VALUES (40000321, 'Maxime omnis necessitatibus vel labore. Delectus aliquam qui autem sint voluptatibus. Vel voluptatibus nesciunt et perspiciatis.', 1, 'sarah94');
INSERT INTO `review` (`ReviewID`, `Content`, `Rating`, `ReviewerName`) VALUES (40234767, 'Vitae et harum veniam illum facilis omnis sed non. Natus sint ipsa voluptate impedit. Ratione et natus quos nihil. Vitae temporibus suscipit enim quibusdam ex.', 5, 'nathen20');
INSERT INTO `review` (`ReviewID`, `Content`, `Rating`, `ReviewerName`) VALUES (40413476, 'Qui magni soluta voluptatum ipsam facere sit dolorem. Eligendi repellat eum ex cupiditate repudiandae quo ut sequi. Enim est in est temporibus laboriosam. Voluptas dolore dolores pariatur sit.', 1, 'bernardo76');
INSERT INTO `review` (`ReviewID`, `Content`, `Rating`, `ReviewerName`) VALUES (40466069, 'Veniam nostrum voluptas nihil vel culpa eaque. Voluptate sit omnis ex culpa et deserunt. Amet omnis necessitatibus aut.', 5, 'franco.corwin');
INSERT INTO `review` (`ReviewID`, `Content`, `Rating`, `ReviewerName`) VALUES (40499368, 'Ut rerum labore doloremque dolorem illo est et. Nobis corrupti qui voluptatibus tempora tempore. Debitis aliquid qui dolores.', 4, 'sarah94');
INSERT INTO `review` (`ReviewID`, `Content`, `Rating`, `ReviewerName`) VALUES (40541040, 'Illum et dicta iure. Et hic ea voluptatem ratione qui architecto saepe. Quibusdam similique assumenda harum corrupti expedita molestias voluptas. Maxime nostrum non minima doloribus fuga.', 2, 'beahan.troy');
INSERT INTO `review` (`ReviewID`, `Content`, `Rating`, `ReviewerName`) VALUES (40643895, 'Ducimus voluptatem occaecati repellat omnis placeat. Soluta molestiae necessitatibus dignissimos mollitia pariatur. Excepturi neque sed nemo velit eum beatae perspiciatis.', 4, 'manuel90');
INSERT INTO `review` (`ReviewID`, `Content`, `Rating`, `ReviewerName`) VALUES (40676509, 'Ut exercitationem exercitationem et est labore est aut ut. Assumenda provident quo aut dolor placeat ullam libero debitis. Iusto iusto enim porro non dolores.', 4, 'rowena.hoeger');
INSERT INTO `review` (`ReviewID`, `Content`, `Rating`, `ReviewerName`) VALUES (40823675, 'Ut nemo quis consequatur et tempora. Numquam modi voluptate aspernatur inventore et. Maiores maxime sit sed eum dignissimos eos architecto. Nihil quos in accusamus atque est.', 2, 'uhowell');
INSERT INTO `review` (`ReviewID`, `Content`, `Rating`, `ReviewerName`) VALUES (41176938, 'Quos voluptas magni ab hic tenetur odio nesciunt totam. Repellat maiores et rerum natus est. Harum voluptatem error est neque ut consectetur voluptas. Odit omnis dolore possimus incidunt.', 4, 'yvon');
INSERT INTO `review` (`ReviewID`, `Content`, `Rating`, `ReviewerName`) VALUES (41566328, 'Dolorem non sit earum eum sit est ut ab. Officiis dolor sint esse eos in fugiat. Vel voluptatem consectetur voluptates ab quisquam laudantium. Excepturi aut eaque culpa facere.', 3, 'yost.laurel');
INSERT INTO `review` (`ReviewID`, `Content`, `Rating`, `ReviewerName`) VALUES (41668622, 'Eos ex ullam voluptatem sapiente. Quasi et consequatur eos voluptatem inventore architecto. Eum voluptas repellendus et repudiandae.', 2, 'rory15');
INSERT INTO `review` (`ReviewID`, `Content`, `Rating`, `ReviewerName`) VALUES (41693509, 'Eos molestiae ut unde quo eligendi excepturi. Distinctio repellat et et necessitatibus ex voluptatem.', 1, 'vita.dooley');
INSERT INTO `review` (`ReviewID`, `Content`, `Rating`, `ReviewerName`) VALUES (41908829, 'Doloremque odit ullam vero aut ex hic. Aut accusantium repudiandae facilis. Modi reprehenderit molestiae sunt.', 5, 'corwin.meredith');
INSERT INTO `review` (`ReviewID`, `Content`, `Rating`, `ReviewerName`) VALUES (41994601, 'Nemo rem mollitia omnis facere non. Rem atque sed autem provident facere neque. Maxime rerum eum voluptatem ea voluptatibus rerum. Dolorem voluptatem reiciendis aspernatur earum.', 1, 'wolff.morris');
INSERT INTO `review` (`ReviewID`, `Content`, `Rating`, `ReviewerName`) VALUES (42029932, 'Amet ullam exercitationem consectetur. Illo reprehenderit culpa quibusdam repudiandae commodi repudiandae. Sint assumenda ut eum aut. Est cupiditate mollitia laboriosam rem ut. Nemo iure veniam nemo.', 2, 'marlen41');
INSERT INTO `review` (`ReviewID`, `Content`, `Rating`, `ReviewerName`) VALUES (42137239, 'Ipsa itaque quos distinctio. Rem est omnis recusandae quos sed eius totam nemo. Doloremque repellat esse magnam. Et quo eos deserunt sed.', 2, 'kenna.tremblay');
INSERT INTO `review` (`ReviewID`, `Content`, `Rating`, `ReviewerName`) VALUES (42164481, 'Sed tempore nihil qui nihil blanditiis nobis. Blanditiis dolores dignissimos hic voluptate architecto velit. Quibusdam earum voluptate dolorem voluptates minima. Sint repudiandae quisquam hic iste.', 4, 'kovacek.jessika');
INSERT INTO `review` (`ReviewID`, `Content`, `Rating`, `ReviewerName`) VALUES (42173117, 'Temporibus neque voluptas quam voluptates. Sit vel quisquam sapiente provident corrupti. Fugiat voluptas cupiditate voluptas sed excepturi.', 3, 'skyla.jerde');
INSERT INTO `review` (`ReviewID`, `Content`, `Rating`, `ReviewerName`) VALUES (42225959, 'Numquam dolores recusandae officia ea et id consequatur. Est dolorum numquam sunt odio et non iusto.', 2, 'barton54');
INSERT INTO `review` (`ReviewID`, `Content`, `Rating`, `ReviewerName`) VALUES (42242380, 'Voluptatibus non sed assumenda iure esse sit expedita ut. Ut distinctio ipsa ullam architecto. Laboriosam ut quos qui laborum. Et temporibus animi voluptas modi deleniti quibusdam aperiam.', 5, 'astreich');
INSERT INTO `review` (`ReviewID`, `Content`, `Rating`, `ReviewerName`) VALUES (42431752, 'Minus cum illo odio suscipit dolor et. A et eligendi consequatur facilis. Quae veritatis id eum aliquid ducimus et.', 2, 'lgreenfelder');
INSERT INTO `review` (`ReviewID`, `Content`, `Rating`, `ReviewerName`) VALUES (42591688, 'Animi molestiae et quia assumenda eveniet sed ut. Sit natus aut aut culpa eius. Quia sequi non quos. In enim id accusantium amet.', 3, 'davion.kub');
INSERT INTO `review` (`ReviewID`, `Content`, `Rating`, `ReviewerName`) VALUES (42592275, 'Iste tempora dolores voluptas ut voluptatum deleniti non. Et maiores aut est ea dolor itaque. Consectetur repellendus vel expedita iste quisquam. Qui nihil eos expedita voluptatem earum et fugiat.', 4, 'kovacek.jessika');
INSERT INTO `review` (`ReviewID`, `Content`, `Rating`, `ReviewerName`) VALUES (42622122, 'Numquam quo similique iusto aut nesciunt fuga. Sunt quasi cumque incidunt. Molestiae sit ut et quia corrupti recusandae et. Quasi quos eos quo fugiat.', 2, 'darren.stamm');
INSERT INTO `review` (`ReviewID`, `Content`, `Rating`, `ReviewerName`) VALUES (42703628, 'Impedit eligendi minus sequi est. Non et rerum eius ut. In debitis non maiores. Ut quod dolor sint provident quisquam maiores. Minima molestiae corrupti tempora ab eos quisquam autem.', 4, 'bergnaum.arielle');
INSERT INTO `review` (`ReviewID`, `Content`, `Rating`, `ReviewerName`) VALUES (42704394, 'Quaerat iusto omnis sit doloribus. Recusandae et ex ipsa incidunt impedit. Iste ex itaque soluta nostrum eos incidunt. Qui quo consequatur iure dolore rerum incidunt quas.', 3, 'june31');
INSERT INTO `review` (`ReviewID`, `Content`, `Rating`, `ReviewerName`) VALUES (42826969, 'Et et qui id aut dolore. Dolore quas vel impedit ut aliquam nihil.', 5, 'rory15');
INSERT INTO `review` (`ReviewID`, `Content`, `Rating`, `ReviewerName`) VALUES (42889481, 'Velit quia impedit qui. Beatae molestias quaerat molestiae sed.', 5, 'corwin.meredith');
INSERT INTO `review` (`ReviewID`, `Content`, `Rating`, `ReviewerName`) VALUES (42964262, 'Modi perspiciatis at dolore mollitia. Animi cum asperiores culpa maxime fugit et. Et quas tempore ut aliquid suscipit. Velit impedit molestiae in facere eos et.', 4, 'vito.glover');
INSERT INTO `review` (`ReviewID`, `Content`, `Rating`, `ReviewerName`) VALUES (43004275, 'Iure iste recusandae nobis est eos ad. Dignissimos vel repudiandae voluptatibus quas. Delectus aliquid omnis quia eos ut consequuntur.', 1, 'ahammes');
INSERT INTO `review` (`ReviewID`, `Content`, `Rating`, `ReviewerName`) VALUES (43135552, 'Omnis ex quo officiis qui voluptatem est odio. Blanditiis fuga laborum vel accusamus. Aliquid est reiciendis dolores.', 3, 'mcdermott.afton');
INSERT INTO `review` (`ReviewID`, `Content`, `Rating`, `ReviewerName`) VALUES (43145560, 'Maiores quasi nostrum laboriosam beatae. Quasi porro temporibus incidunt perferendis placeat. Occaecati numquam sapiente pariatur qui nemo. Voluptatem nesciunt et commodi commodi qui.', 2, 'tjohns');
INSERT INTO `review` (`ReviewID`, `Content`, `Rating`, `ReviewerName`) VALUES (43194702, 'Reiciendis eius quia et veniam sunt dolor explicabo. Occaecati aut ratione a illo maiores. Aliquam praesentium eos quasi a suscipit. Consequatur totam aut et ut repellat animi.', 3, 'brandyn22');
INSERT INTO `review` (`ReviewID`, `Content`, `Rating`, `ReviewerName`) VALUES (43258572, 'Repellendus ab ad facilis sunt sit numquam. Blanditiis perspiciatis neque voluptas officiis similique assumenda velit eveniet. Autem repudiandae molestiae est. Sed ut minima natus.', 5, 'annalise85');
INSERT INTO `review` (`ReviewID`, `Content`, `Rating`, `ReviewerName`) VALUES (43325267, 'Culpa officiis repudiandae et ab esse laborum qui. Quo voluptas nihil numquam ut nobis modi. Nobis minima qui laborum cum maiores placeat consequatur.', 1, 'kassandra.krajcik');
INSERT INTO `review` (`ReviewID`, `Content`, `Rating`, `ReviewerName`) VALUES (43531959, 'Sit eum debitis iusto. Voluptatem nihil a quasi quae. Quidem et quod enim velit similique. Doloremque velit voluptas vel voluptate consequuntur quasi amet.', 3, 'fleta75');
INSERT INTO `review` (`ReviewID`, `Content`, `Rating`, `ReviewerName`) VALUES (43618646, 'Quos ut et quas voluptatibus debitis ut. Quaerat molestiae voluptatem voluptatibus deserunt iure. Eum quaerat aliquid dolores necessitatibus sed aut.', 3, 'brandyn22');
INSERT INTO `review` (`ReviewID`, `Content`, `Rating`, `ReviewerName`) VALUES (43658603, 'Voluptatem doloribus ipsam iure aut id commodi non. Exercitationem enim voluptatem voluptate officiis. Et qui quis sed dolorum et quia sunt.', 3, 'gshields');
INSERT INTO `review` (`ReviewID`, `Content`, `Rating`, `ReviewerName`) VALUES (43664373, 'At sunt quia est et. Maiores consectetur consequuntur doloremque iure. Sit nihil autem sed.', 3, 'ellen.murray');
INSERT INTO `review` (`ReviewID`, `Content`, `Rating`, `ReviewerName`) VALUES (43733017, 'Consectetur ex est a accusamus vel culpa voluptatem ducimus. Et tempore sequi vel assumenda eos qui facere vitae. Ut consequatur voluptas sint provident non distinctio.', 2, 'elliott.kris');
INSERT INTO `review` (`ReviewID`, `Content`, `Rating`, `ReviewerName`) VALUES (43798215, 'Laborum expedita dolorum numquam est iusto. In explicabo tempore qui et ut sequi suscipit. Quasi distinctio voluptatum illum ut non eum. Ullam ratione qui non officia nobis.', 1, 'barton54');
INSERT INTO `review` (`ReviewID`, `Content`, `Rating`, `ReviewerName`) VALUES (43944336, 'Culpa libero sed molestias sunt qui ipsum praesentium fugiat. Similique eveniet quibusdam dolores eveniet qui porro aut odit.', 1, 'sebastian65');
INSERT INTO `review` (`ReviewID`, `Content`, `Rating`, `ReviewerName`) VALUES (44117821, 'Qui omnis ea voluptatum totam. Id sit maxime nisi qui optio et vitae. Error dignissimos explicabo commodi delectus rerum non sed.', 1, 'ottis18');
INSERT INTO `review` (`ReviewID`, `Content`, `Rating`, `ReviewerName`) VALUES (44171212, 'Sequi voluptas laboriosam dolore reiciendis temporibus soluta mollitia. Repellendus hic odio aut dolores. Alias repudiandae velit eos necessitatibus temporibus hic et commodi.', 1, 'davion.kub');
INSERT INTO `review` (`ReviewID`, `Content`, `Rating`, `ReviewerName`) VALUES (44203999, 'Deserunt voluptatem vel nobis maxime non. Itaque optio quia quidem fuga qui. Velit qui accusamus quae corrupti.', 1, 'abbott.emery');
INSERT INTO `review` (`ReviewID`, `Content`, `Rating`, `ReviewerName`) VALUES (44255823, 'Vitae et earum qui sed. Et itaque vero ut voluptatem. Dolorem voluptates sed molestias corrupti.', 2, 'phessel');
INSERT INTO `review` (`ReviewID`, `Content`, `Rating`, `ReviewerName`) VALUES (44571154, 'Non sit accusantium natus expedita voluptatibus. Officia unde quos architecto quia. Fugit et dolorem aut repellendus exercitationem ab mollitia molestias. Hic ut sint nesciunt est.', 4, 'lisa.turcotte');
INSERT INTO `review` (`ReviewID`, `Content`, `Rating`, `ReviewerName`) VALUES (44647482, 'Tenetur dolorum eveniet sunt occaecati. Quo a laboriosam ut facere repellendus voluptate. Ut ipsum eos voluptatem qui quia qui cumque dicta. Adipisci incidunt iure quos et.', 4, 'mcdermott.afton');
INSERT INTO `review` (`ReviewID`, `Content`, `Rating`, `ReviewerName`) VALUES (44710550, 'Sed in cupiditate pariatur quod consectetur magni. Pariatur architecto aut ut libero. Esse harum voluptatem quidem. Sed aperiam dolorem corporis.', 2, 'skyla.jerde');
INSERT INTO `review` (`ReviewID`, `Content`, `Rating`, `ReviewerName`) VALUES (45122217, 'Eum esse consequatur exercitationem nihil et. Nulla quia nostrum voluptas rerum iste. Ipsa occaecati magnam quasi reiciendis enim.', 3, 'bogisich.abe');
INSERT INTO `review` (`ReviewID`, `Content`, `Rating`, `ReviewerName`) VALUES (45125391, 'Quas impedit nulla hic ex. Earum minus ut quod at.\nEst fuga quaerat rem nisi. Assumenda dolor velit iusto perferendis. Quidem sed corporis eos. Eligendi sint molestiae quis quia inventore et aut eos.', 3, 'ellen.murray');
INSERT INTO `review` (`ReviewID`, `Content`, `Rating`, `ReviewerName`) VALUES (45245305, 'Laborum qui quo et nobis. Sit et temporibus in sit est corporis aut. Cumque ut qui sint cumque. Sapiente rerum non perspiciatis accusantium ullam eos.', 3, 'vkertzmann');
INSERT INTO `review` (`ReviewID`, `Content`, `Rating`, `ReviewerName`) VALUES (45745333, 'Aut voluptatibus aut ut cumque quia. Adipisci dolorum numquam vitae veniam.', 3, 'casper.price');
INSERT INTO `review` (`ReviewID`, `Content`, `Rating`, `ReviewerName`) VALUES (45808204, 'Animi maxime pariatur ea quidem odio at voluptatem. Qui ducimus consequatur cum qui magnam est. Nostrum magni voluptate at quisquam et unde.', 2, 'casper.price');
INSERT INTO `review` (`ReviewID`, `Content`, `Rating`, `ReviewerName`) VALUES (46164422, 'Hic repellendus quod voluptates qui ducimus laboriosam. Impedit error ut vel aliquam. Sed atque consectetur suscipit tempora consequatur. Rerum ullam voluptas tempora soluta aliquid eveniet.', 1, 'vita.dooley');
INSERT INTO `review` (`ReviewID`, `Content`, `Rating`, `ReviewerName`) VALUES (46539385, 'Dignissimos eos reiciendis asperiores nemo. Autem facilis aut qui et in voluptatum provident. Maxime voluptas at dolorum quibusdam officia est.', 3, 'wilderman.anabelle');
INSERT INTO `review` (`ReviewID`, `Content`, `Rating`, `ReviewerName`) VALUES (47090975, 'Deserunt officiis aspernatur quia accusantium aut aliquam beatae. Quis in quibusdam et et assumenda id. Ullam nihil natus exercitationem beatae et qui.', 5, 'uframi');
INSERT INTO `review` (`ReviewID`, `Content`, `Rating`, `ReviewerName`) VALUES (47285702, 'Qui ipsam voluptas veritatis corrupti. Cum debitis quia expedita cum dolores. Voluptatibus ea tenetur magni natus et necessitatibus ratione. Quia error praesentium labore labore.', 3, 'cristina.thiel');
INSERT INTO `review` (`ReviewID`, `Content`, `Rating`, `ReviewerName`) VALUES (47346069, 'Voluptatem id libero ex porro et sed. Qui quos rerum error et. Labore voluptas est exercitationem voluptatum est et soluta vel. Quod vel nemo aspernatur ea velit.', 5, 'hills.cleta');
INSERT INTO `review` (`ReviewID`, `Content`, `Rating`, `ReviewerName`) VALUES (47686874, 'Magni aut et optio libero sed perferendis dolorem. Facere asperiores vitae est. Nobis nisi ut quae.', 3, 'orlo.hills');
INSERT INTO `review` (`ReviewID`, `Content`, `Rating`, `ReviewerName`) VALUES (47732915, 'Et sed repudiandae et quis fuga. Qui autem est commodi magnam. Quia quae eum possimus necessitatibus neque assumenda. Eum fugit et odio alias. Fugit exercitationem alias et et natus.', 1, 'jeremie86');
INSERT INTO `review` (`ReviewID`, `Content`, `Rating`, `ReviewerName`) VALUES (48012485, 'Accusamus cum voluptatibus aut eligendi dolorum sed aut. Doloribus nemo beatae doloribus quidem voluptatem velit in.', 5, 'mariela53');
INSERT INTO `review` (`ReviewID`, `Content`, `Rating`, `ReviewerName`) VALUES (48100528, 'Esse et rerum voluptatem pariatur. Quasi quos vel in qui neque debitis aperiam. Nisi voluptas ut aut.\nRem veniam cum dolor. Aspernatur fugit adipisci ea et inventore alias necessitatibus voluptatem.', 2, 'barton54');
INSERT INTO `review` (`ReviewID`, `Content`, `Rating`, `ReviewerName`) VALUES (48159642, 'Et modi assumenda aut voluptatibus sit. Asperiores cum placeat facilis aut modi nihil. Itaque ullam quam quis velit voluptas optio adipisci. Qui provident quae officia omnis.', 3, 'o\'conner.corbin');
INSERT INTO `review` (`ReviewID`, `Content`, `Rating`, `ReviewerName`) VALUES (48233973, 'Eum dolores et incidunt ea est eum. Quo aut sit exercitationem voluptates sit ex repudiandae. Voluptatibus est sint aliquid nobis.', 4, 'antonio.aufderhar');
INSERT INTO `review` (`ReviewID`, `Content`, `Rating`, `ReviewerName`) VALUES (48272704, 'Sequi error quas non odit. Quis quia eaque eum. Deleniti vitae autem porro et placeat. Fugiat est ad fuga omnis incidunt ut.', 3, 'manuel90');
INSERT INTO `review` (`ReviewID`, `Content`, `Rating`, `ReviewerName`) VALUES (48604264, 'Vero aperiam vel quas occaecati ut autem velit. Voluptatem hic non provident voluptas. Aperiam quam atque quas aut. Est quia iusto natus.', 3, 'ujohnston');
INSERT INTO `review` (`ReviewID`, `Content`, `Rating`, `ReviewerName`) VALUES (48609653, 'Eaque perspiciatis voluptatibus consequatur quis minima consequatur. Aut praesentium similique quaerat minima et cumque dolorum. Harum officia ea et soluta dolore fugit saepe.', 4, 'beahan.troy');
INSERT INTO `review` (`ReviewID`, `Content`, `Rating`, `ReviewerName`) VALUES (48641479, 'Deleniti repellat numquam quod. Ducimus rem mollitia dolorum inventore. Voluptatum perspiciatis et rerum molestias molestias vel.', 3, 'letha.daniel');
INSERT INTO `review` (`ReviewID`, `Content`, `Rating`, `ReviewerName`) VALUES (48870998, 'Repudiandae omnis quia nobis labore. Alias deserunt quas quis autem a. Veritatis et id officiis dolorem quasi velit.', 5, 'joany63');
INSERT INTO `review` (`ReviewID`, `Content`, `Rating`, `ReviewerName`) VALUES (48913660, 'Aspernatur vel odit animi ut maiores eligendi sit voluptate. Nulla deleniti odit ad unde. Minima adipisci inventore quas id repudiandae et quia perferendis.', 5, 'bernardo76');
INSERT INTO `review` (`ReviewID`, `Content`, `Rating`, `ReviewerName`) VALUES (48950729, 'Sunt maxime asperiores molestiae ut totam magnam harum. Vel magnam aliquid facilis. Est fugiat voluptatem quas doloribus voluptates.', 2, 'satterfield.destiny');
INSERT INTO `review` (`ReviewID`, `Content`, `Rating`, `ReviewerName`) VALUES (48963394, 'Excepturi iusto natus aut atque. Dolorem laudantium quia dolores maiores repellendus culpa aliquam. Laudantium id iusto laborum et provident.', 2, 'hyatt.lee');
INSERT INTO `review` (`ReviewID`, `Content`, `Rating`, `ReviewerName`) VALUES (49133642, 'Quisquam fuga sed maiores ea ipsam quos illo omnis. A et sapiente vel mollitia molestiae id.', 5, 'naufderhar');
INSERT INTO `review` (`ReviewID`, `Content`, `Rating`, `ReviewerName`) VALUES (49182668, 'Repellendus velit et consectetur placeat. Saepe ab provident asperiores cumque accusantium. Labore quasi aut necessitatibus ipsum esse distinctio. Molestiae sed impedit vel illum.', 5, 'jeremie86');
INSERT INTO `review` (`ReviewID`, `Content`, `Rating`, `ReviewerName`) VALUES (49286634, 'Nulla ut debitis eos accusantium ut dolore. Fugit facere qui accusamus aut illum earum sunt. Aut nihil ad officia excepturi. Recusandae consequatur animi dolorum sunt exercitationem velit.', 2, 'manuel90');
INSERT INTO `review` (`ReviewID`, `Content`, `Rating`, `ReviewerName`) VALUES (49302357, 'Ut laboriosam voluptatibus qui recusandae dolore rerum et. Nihil doloribus in omnis culpa quia ab aspernatur. Consequatur quasi voluptas voluptas. Doloremque molestias qui est ex alias incidunt ut.', 2, 'mazie90');
INSERT INTO `review` (`ReviewID`, `Content`, `Rating`, `ReviewerName`) VALUES (49352716, 'Omnis sequi et quam qui in. Asperiores ut quo laboriosam voluptatibus nihil provident reiciendis tempora. Non occaecati facilis quis vel quia qui. Tenetur odio exercitationem et.', 1, 'hyatt.lee');
INSERT INTO `review` (`ReviewID`, `Content`, `Rating`, `ReviewerName`) VALUES (49355260, 'Ut et sed quasi in quibusdam officiis. Earum expedita quia dolores eum dicta perferendis iste aspernatur. Dolores sunt aut rem et. Blanditiis ducimus non inventore non et qui aliquid.', 3, 'phessel');
INSERT INTO `review` (`ReviewID`, `Content`, `Rating`, `ReviewerName`) VALUES (49522820, 'Omnis neque iusto consectetur omnis. Animi non laborum similique sint. Aut nisi debitis sequi iure atque. Assumenda vel qui voluptate et molestiae at.', 5, 'ohuel');
INSERT INTO `review` (`ReviewID`, `Content`, `Rating`, `ReviewerName`) VALUES (49725341, 'Sed quia aperiam quibusdam et et alias pariatur. Culpa ad necessitatibus fuga quisquam magnam ex adipisci. Deleniti vitae culpa quam sed dolorum.', 4, 'astreich');
INSERT INTO `review` (`ReviewID`, `Content`, `Rating`, `ReviewerName`) VALUES (49731507, 'Tenetur rem eum sed nostrum id officia. Ex adipisci enim eveniet deleniti dolorem quo quo. Ab iusto voluptates veniam et consequatur cum.', 4, 'davion.kub');
INSERT INTO `review` (`ReviewID`, `Content`, `Rating`, `ReviewerName`) VALUES (49749811, 'Ut atque eum in nam quam. Repudiandae dolores distinctio quo neque molestiae velit magni esse. Voluptas magnam fugit illo explicabo qui.', 3, 'beahan.troy');
INSERT INTO `review` (`ReviewID`, `Content`, `Rating`, `ReviewerName`) VALUES (49853079, 'Eius minima nostrum sapiente voluptatibus quisquam omnis qui. Vitae accusantium et dolores eveniet.', 2, 'brock99');
INSERT INTO `review` (`ReviewID`, `Content`, `Rating`, `ReviewerName`) VALUES (49990937, 'Explicabo harum qui ab molestiae ipsa in. Harum dolores repudiandae enim et nulla expedita. Qui qui quisquam eligendi impedit est veniam sit. Cumque nulla consectetur inventore sit ut.', 2, 'miles61');
INSERT INTO `review` (`ReviewID`, `Content`, `Rating`, `ReviewerName`) VALUES (50082463, 'Qui nihil qui non rem doloribus maxime. Dicta vitae ipsa in perferendis sequi. Vitae dolor blanditiis voluptate doloribus consequuntur voluptatem saepe.', 1, 'cristina.thiel');
INSERT INTO `review` (`ReviewID`, `Content`, `Rating`, `ReviewerName`) VALUES (50113571, 'Qui iure eaque aut. Molestias at quo praesentium sit quis minima. Cumque veniam error iure nobis numquam dolorum. Omnis nisi sapiente saepe id sed et quam quis.', 5, 'homenick.nina');
INSERT INTO `review` (`ReviewID`, `Content`, `Rating`, `ReviewerName`) VALUES (50132542, 'Quia sequi culpa eligendi ut. Qui minima necessitatibus et ut assumenda voluptatem. Natus minus est hic dolor magnam suscipit quam.', 2, 'jerde.jessyca');
INSERT INTO `review` (`ReviewID`, `Content`, `Rating`, `ReviewerName`) VALUES (50160292, 'Vel quisquam labore omnis aut asperiores nulla illum. Hic iusto aspernatur illo quia eius iure. Aut nemo voluptatum modi.', 5, 'wolff.morris');
INSERT INTO `review` (`ReviewID`, `Content`, `Rating`, `ReviewerName`) VALUES (50609689, 'Quam molestiae suscipit voluptatem minus impedit ipsum molestias ex. Eum nulla corporis consequuntur est fugiat in. Qui architecto est iste nihil assumenda.', 2, 'beahan.troy');
INSERT INTO `review` (`ReviewID`, `Content`, `Rating`, `ReviewerName`) VALUES (50719774, 'Et ipsa voluptate nobis sequi illum debitis. Aut adipisci et blanditiis dolorem id. Dolorum quia qui quia neque facilis blanditiis.', 4, 'ujohnston');
INSERT INTO `review` (`ReviewID`, `Content`, `Rating`, `ReviewerName`) VALUES (50865422, 'Voluptas veritatis ut suscipit aut sunt debitis. Quia nesciunt architecto sed qui tempore cupiditate. Quia provident totam vero perferendis ut dolore. Reiciendis facilis autem et quidem.', 1, 'madelynn71');
INSERT INTO `review` (`ReviewID`, `Content`, `Rating`, `ReviewerName`) VALUES (50868669, 'Id nulla quaerat vitae ut ea beatae aut saepe. Sequi et corporis reiciendis vel in.', 1, 'johanna.barton');
INSERT INTO `review` (`ReviewID`, `Content`, `Rating`, `ReviewerName`) VALUES (51073811, 'Et unde et sequi libero et sapiente aliquid. Necessitatibus aliquam est labore consequatur. Magni quo dolores ipsa magnam.', 1, 'sebastian65');
INSERT INTO `review` (`ReviewID`, `Content`, `Rating`, `ReviewerName`) VALUES (51195726, 'Soluta voluptatem enim quod fugiat. Rerum ut rerum omnis ipsam. Aut iste deleniti nostrum omnis et.\nVoluptas mollitia et enim nisi ea. Eum itaque est dolor. Quas nihil ut in cupiditate sunt.', 1, 'brandyn22');
INSERT INTO `review` (`ReviewID`, `Content`, `Rating`, `ReviewerName`) VALUES (51227951, 'Assumenda rerum tempore aut molestias perferendis. Accusantium enim repudiandae soluta quibusdam. Rem id optio sit aliquid est enim quisquam fugit.', 5, 'ohuel');
INSERT INTO `review` (`ReviewID`, `Content`, `Rating`, `ReviewerName`) VALUES (51270546, 'Voluptas quos consequatur aut est et expedita. Non tempora voluptatem voluptatem amet assumenda omnis et consequuntur. Eligendi deleniti eaque doloremque debitis velit asperiores tempora.', 5, 'wolff.morris');
INSERT INTO `review` (`ReviewID`, `Content`, `Rating`, `ReviewerName`) VALUES (51292532, 'Assumenda minus quibusdam beatae dolor facere vitae deserunt. Aut possimus possimus minima dolores. Facilis inventore eum alias voluptatem et est. Itaque aperiam cumque voluptatibus est.', 3, 'darron29');
INSERT INTO `review` (`ReviewID`, `Content`, `Rating`, `ReviewerName`) VALUES (51313124, 'Sit magnam repudiandae delectus enim. Sint quo sed perspiciatis et est doloremque totam. Dolores qui quod nihil occaecati dignissimos. Et neque facilis autem.', 3, 'brandyn22');
INSERT INTO `review` (`ReviewID`, `Content`, `Rating`, `ReviewerName`) VALUES (51339917, 'Maxime rerum sed ex officiis. Quo aspernatur voluptatum eos expedita deleniti sed. Impedit suscipit debitis fugit magni qui distinctio nam. Eius veniam quaerat aut est.', 3, 'yoshiko.kassulke');
INSERT INTO `review` (`ReviewID`, `Content`, `Rating`, `ReviewerName`) VALUES (51395043, 'Recusandae dolores in harum vel animi aliquid ad sed. Maxime quae impedit porro. Aperiam voluptas debitis molestiae debitis assumenda.', 1, 'shills');
INSERT INTO `review` (`ReviewID`, `Content`, `Rating`, `ReviewerName`) VALUES (51519513, 'Est quod ipsam fuga debitis quia libero. Dolor ut iusto error deserunt. Aspernatur sit quibusdam omnis labore nobis praesentium. Quas accusamus ut labore ipsam.', 5, 'maribel.rutherford');
INSERT INTO `review` (`ReviewID`, `Content`, `Rating`, `ReviewerName`) VALUES (51570400, 'In praesentium cumque aut est culpa. Unde enim aut voluptatibus fuga vel repellat similique commodi. Sunt repudiandae vel non occaecati. Et velit accusamus possimus tempora dolore dolorum eos.', 2, 'ayana24');
INSERT INTO `review` (`ReviewID`, `Content`, `Rating`, `ReviewerName`) VALUES (51806313, 'Optio rerum et aut voluptatem suscipit. Consequuntur neque vitae sit non accusantium. Accusantium voluptatem eligendi ad voluptas est rerum numquam amet. Voluptatem est aut sint deserunt.', 1, 'sipes.mckenzie');
INSERT INTO `review` (`ReviewID`, `Content`, `Rating`, `ReviewerName`) VALUES (51845468, 'Ut porro expedita laborum eveniet dolorem dolorum sint. Voluptatem assumenda inventore doloremque magnam. Minus et autem veritatis. Ut et voluptates deserunt id eos blanditiis.', 4, 'erich32');
INSERT INTO `review` (`ReviewID`, `Content`, `Rating`, `ReviewerName`) VALUES (51921713, 'Nulla eveniet et ut unde id et doloremque. Doloremque excepturi libero nihil nemo. Exercitationem ut omnis sint debitis quia blanditiis voluptatem.', 2, 'marlen41');
INSERT INTO `review` (`ReviewID`, `Content`, `Rating`, `ReviewerName`) VALUES (51937642, 'Nostrum sit et harum sed dolores. Suscipit quaerat atque dolorem et non. Suscipit eveniet similique adipisci voluptas voluptatem maiores expedita.', 4, 'deven76');
INSERT INTO `review` (`ReviewID`, `Content`, `Rating`, `ReviewerName`) VALUES (52232008, 'Quae esse reiciendis nulla error. Sit occaecati et inventore commodi. Culpa earum iusto ut impedit culpa doloribus.', 5, 'kenna.tremblay');
INSERT INTO `review` (`ReviewID`, `Content`, `Rating`, `ReviewerName`) VALUES (52353782, 'Ipsum voluptates sit quidem. Vel consequatur rerum tempore qui non enim et ut. Est voluptates eius voluptatem repellendus quo eaque dolor.', 2, 'tjohns');
INSERT INTO `review` (`ReviewID`, `Content`, `Rating`, `ReviewerName`) VALUES (52372794, 'Nemo officia veritatis quo magnam rerum sit. Alias eos ut ea dolorum impedit similique hic distinctio. Occaecati eveniet veritatis voluptatibus.', 3, 'uhowell');
INSERT INTO `review` (`ReviewID`, `Content`, `Rating`, `ReviewerName`) VALUES (52487767, 'Aut optio blanditiis sapiente sapiente saepe. Vitae ab sit quisquam eum quia molestiae voluptas. Quo voluptates enim dolorem architecto dolorem eaque.', 2, 'sipes.mckenzie');
INSERT INTO `review` (`ReviewID`, `Content`, `Rating`, `ReviewerName`) VALUES (52573184, 'Voluptatibus saepe iste ut unde ut iste cupiditate. Veritatis iusto incidunt fugit perspiciatis est tenetur qui fugiat. Ut eius error cumque. Est sed delectus voluptatem nemo velit excepturi.', 5, 'trogahn');
INSERT INTO `review` (`ReviewID`, `Content`, `Rating`, `ReviewerName`) VALUES (52640830, 'Iste quam qui in reprehenderit dolor. Est minus voluptatem architecto quam non. Suscipit praesentium animi nisi autem. Et suscipit perspiciatis dolore accusantium dolorem ullam culpa.', 4, 'naufderhar');
INSERT INTO `review` (`ReviewID`, `Content`, `Rating`, `ReviewerName`) VALUES (52696582, 'Vero et sit aut voluptatem unde eveniet. Dolorum ut hic corrupti. Dolorem iure quia et quidem eum odio aut voluptatibus. Voluptatum ut temporibus cupiditate cumque eveniet doloremque eligendi.', 2, 'macy.parisian');
INSERT INTO `review` (`ReviewID`, `Content`, `Rating`, `ReviewerName`) VALUES (52796759, 'Est rem fugiat assumenda expedita quas autem. Ad modi voluptates magnam ea voluptates. Autem voluptatibus quia facilis dignissimos.', 5, 'ujohnston');
INSERT INTO `review` (`ReviewID`, `Content`, `Rating`, `ReviewerName`) VALUES (52799381, 'Sit corrupti reprehenderit aperiam aperiam fugiat. Enim eos ducimus recusandae quaerat sunt. Qui at similique nesciunt facilis quia.', 1, 'd\'angelo25');
INSERT INTO `review` (`ReviewID`, `Content`, `Rating`, `ReviewerName`) VALUES (52828580, 'Distinctio qui maxime voluptatem qui voluptatum. In placeat rerum iste dicta ab dolores. Harum rerum in expedita. Sit id non itaque labore et earum.', 2, 'ayana24');
INSERT INTO `review` (`ReviewID`, `Content`, `Rating`, `ReviewerName`) VALUES (52914262, 'Voluptas sint quam officia ea autem reprehenderit. Itaque fuga ipsum aut quis dolor. Perferendis placeat rerum enim at ut aut.', 2, 'bernardo76');
INSERT INTO `review` (`ReviewID`, `Content`, `Rating`, `ReviewerName`) VALUES (52996302, 'Nesciunt repellendus quibusdam porro sapiente. Rerum temporibus dolore qui fugit adipisci. Dolorem impedit illum molestiae officiis facere sunt ipsum.', 3, 'ohuel');
INSERT INTO `review` (`ReviewID`, `Content`, `Rating`, `ReviewerName`) VALUES (53118143, 'Amet in quisquam nesciunt ea ratione animi commodi. Quos deserunt ex voluptas ea quidem. Nihil quam maxime corporis.', 4, 'abbott.emery');
INSERT INTO `review` (`ReviewID`, `Content`, `Rating`, `ReviewerName`) VALUES (53159976, 'Ex velit in sunt enim a. Et numquam deserunt impedit quae velit.', 1, 'nathen20');
INSERT INTO `review` (`ReviewID`, `Content`, `Rating`, `ReviewerName`) VALUES (53222783, 'Rem ad sunt quia exercitationem nihil aut. Sed sequi magnam sunt inventore consequatur dolores. Iste similique rem iusto quo aut minus.', 5, 'collins.junius');
INSERT INTO `review` (`ReviewID`, `Content`, `Rating`, `ReviewerName`) VALUES (53226917, 'Et sint minima culpa beatae nam non blanditiis. Quia magni voluptatibus quia sed id amet est. Iste hic alias labore est laudantium est.', 3, 'miles61');
INSERT INTO `review` (`ReviewID`, `Content`, `Rating`, `ReviewerName`) VALUES (53374166, 'Perferendis velit ut excepturi omnis iure sit itaque molestias. Molestiae consequuntur veniam fuga facere et.', 5, 'howell.kristy');
INSERT INTO `review` (`ReviewID`, `Content`, `Rating`, `ReviewerName`) VALUES (53454894, 'Maxime iste ipsum qui. Aut vel debitis commodi dicta. Quos recusandae quasi dicta recusandae ex.', 2, 'hazle13');
INSERT INTO `review` (`ReviewID`, `Content`, `Rating`, `ReviewerName`) VALUES (53581640, 'Libero dolores error occaecati quasi. Est neque non architecto iure. Voluptatum voluptas error facilis quibusdam vero reiciendis. Assumenda maiores reprehenderit a incidunt in aperiam.', 2, 'rowena.hoeger');
INSERT INTO `review` (`ReviewID`, `Content`, `Rating`, `ReviewerName`) VALUES (53602293, 'Voluptas provident eum enim facere. Vel dolores nihil consequatur vitae aut dolores. Quod consequatur et facilis iste non. Perspiciatis iste accusantium pariatur consequatur.', 1, 'mazie90');
INSERT INTO `review` (`ReviewID`, `Content`, `Rating`, `ReviewerName`) VALUES (53741295, 'Quo tempora perspiciatis beatae. Enim unde necessitatibus possimus corporis aliquam. Id dolores facilis quia non voluptas.', 3, 'vito.glover');
INSERT INTO `review` (`ReviewID`, `Content`, `Rating`, `ReviewerName`) VALUES (53889255, 'Qui optio hic non itaque quia. Et amet et recusandae in deleniti. Est voluptatibus explicabo ratione deleniti dignissimos sequi sint animi.', 5, 'hills.cleta');
INSERT INTO `review` (`ReviewID`, `Content`, `Rating`, `ReviewerName`) VALUES (53969685, 'Molestias et eius unde in corrupti dolorem qui ut. Laborum corporis nemo ullam est voluptate vel facilis dolorem. Provident pariatur omnis deleniti.', 3, 'vita.dooley');
INSERT INTO `review` (`ReviewID`, `Content`, `Rating`, `ReviewerName`) VALUES (53971120, 'Consequatur soluta sint molestiae et debitis et ut. Quos itaque at accusantium unde quo iste. Eos mollitia adipisci veniam est sit cupiditate.', 3, 'letha.daniel');
INSERT INTO `review` (`ReviewID`, `Content`, `Rating`, `ReviewerName`) VALUES (53996495, 'Dicta excepturi excepturi id quis odit iusto debitis. Placeat omnis qui fuga voluptas vitae fugit. Optio aut rerum ex error. Pariatur omnis consequuntur natus recusandae impedit est.', 2, 'sebastian65');
INSERT INTO `review` (`ReviewID`, `Content`, `Rating`, `ReviewerName`) VALUES (54048373, 'Autem cumque in aliquam velit ab optio est. Placeat dolorem architecto voluptate a consequatur et. Doloremque repellendus magnam et et quo ratione sit qui. Soluta numquam explicabo quia.', 1, 'sarah94');
INSERT INTO `review` (`ReviewID`, `Content`, `Rating`, `ReviewerName`) VALUES (54063085, 'Deserunt non quaerat sunt inventore corrupti sed quasi. Ipsam nam culpa dolor aperiam. Dolor molestiae consequatur numquam voluptatem. Aut quas aut non non.', 1, 'bernardo76');
INSERT INTO `review` (`ReviewID`, `Content`, `Rating`, `ReviewerName`) VALUES (54068948, 'Ab labore veritatis porro non. Natus quos dolorum id. Aut est in ab nisi eos eius distinctio voluptatem.', 2, 'trantow.watson');
INSERT INTO `review` (`ReviewID`, `Content`, `Rating`, `ReviewerName`) VALUES (54088677, 'Ut corporis exercitationem dicta veritatis at perferendis veniam. Ducimus magni quidem consequuntur rerum. Quos officia dolore sed quia velit.', 4, 'christina.jacobson');
INSERT INTO `review` (`ReviewID`, `Content`, `Rating`, `ReviewerName`) VALUES (54104880, 'Cum inventore at voluptatem quis voluptatem. Quam consequatur praesentium repellendus quam minima et. Id autem enim est quia modi.', 4, 'hills.cleta');
INSERT INTO `review` (`ReviewID`, `Content`, `Rating`, `ReviewerName`) VALUES (54349984, 'Dolore fuga iusto eius possimus. Reiciendis nihil temporibus amet non quae dolorem eligendi. Enim cumque voluptate vitae neque et ad cum.', 1, 'annalise85');
INSERT INTO `review` (`ReviewID`, `Content`, `Rating`, `ReviewerName`) VALUES (54499356, 'Dolores quia consectetur nostrum qui rerum at atque. Ea consequatur quas recusandae consequatur enim a voluptatem. Maxime ut eum molestiae doloribus.', 2, 'orlo.hills');
INSERT INTO `review` (`ReviewID`, `Content`, `Rating`, `ReviewerName`) VALUES (54547542, 'Eum illo cum asperiores sint omnis accusamus quam. Ut voluptas temporibus consectetur at vitae. Ad non omnis vel magni. Est tenetur ut quaerat illo cupiditate dolorum id repudiandae.', 5, 'astreich');
INSERT INTO `review` (`ReviewID`, `Content`, `Rating`, `ReviewerName`) VALUES (54568965, 'Aliquam fugit voluptatem laudantium totam delectus. Minima voluptate unde aspernatur nulla labore est. Ut ad omnis ut autem quidem voluptatem. Temporibus minima atque voluptatem ratione dolorem.', 4, 'mariela53');
INSERT INTO `review` (`ReviewID`, `Content`, `Rating`, `ReviewerName`) VALUES (54574314, 'Dicta consequatur vero quia aliquam numquam. Et nostrum molestiae explicabo quo eius quasi veritatis. Eum non soluta minima ut eum.', 4, 'vita.dooley');
INSERT INTO `review` (`ReviewID`, `Content`, `Rating`, `ReviewerName`) VALUES (54584963, 'Deserunt ut natus quia et. Vitae dicta aut sit molestias. Et perspiciatis harum soluta optio accusantium dolores veniam eveniet.', 3, 'sarah94');
INSERT INTO `review` (`ReviewID`, `Content`, `Rating`, `ReviewerName`) VALUES (54629813, 'Aliquid ipsa omnis quidem est perspiciatis qui ad numquam. Dicta quo qui qui reiciendis beatae neque. Asperiores mollitia qui facere aliquid possimus. Ad minima quibusdam esse sunt.', 5, 'kristofer13');
INSERT INTO `review` (`ReviewID`, `Content`, `Rating`, `ReviewerName`) VALUES (54720553, 'Dolor eveniet aut architecto. Nesciunt sed fuga inventore quis. Rerum dolor sint qui. Fugit repellendus vel et ea dolor nam aut.', 1, 'brock99');
INSERT INTO `review` (`ReviewID`, `Content`, `Rating`, `ReviewerName`) VALUES (54938076, 'Nesciunt repellendus autem blanditiis alias. Et perferendis aspernatur cumque. Asperiores sit magnam sed dolor tempora et alias.', 1, 'rasheed.gusikowski');
INSERT INTO `review` (`ReviewID`, `Content`, `Rating`, `ReviewerName`) VALUES (54952293, 'Modi voluptatem repudiandae ipsa nobis et. Quos expedita omnis similique. Tenetur dolor et porro. Ad non harum dolor.', 2, 'yvon');
INSERT INTO `review` (`ReviewID`, `Content`, `Rating`, `ReviewerName`) VALUES (54954942, 'Eos voluptatem excepturi et. Inventore qui sapiente quis pariatur dolorem molestiae. Ut autem voluptatum quis voluptas quam at et. Ut eligendi consequatur commodi ullam sed.', 4, 'phessel');
INSERT INTO `review` (`ReviewID`, `Content`, `Rating`, `ReviewerName`) VALUES (54959971, 'Aperiam incidunt est voluptatem velit. Iure assumenda nisi eligendi voluptas reprehenderit. Qui deleniti ipsa excepturi odio eos.', 5, 'yost.laurel');
INSERT INTO `review` (`ReviewID`, `Content`, `Rating`, `ReviewerName`) VALUES (55095204, 'Aut est eum molestiae perspiciatis. Quidem amet qui ratione fugit molestias vitae omnis et. Temporibus quidem vitae id placeat corrupti facere.', 2, 'sipes.mckenzie');
INSERT INTO `review` (`ReviewID`, `Content`, `Rating`, `ReviewerName`) VALUES (55112906, 'Aut dolores in dolorem. Qui illo dolore repellat. Repellendus aut provident optio nobis officiis nulla architecto deleniti. Distinctio ea dolores porro deleniti perspiciatis molestiae minus.', 3, 'isobel.lakin');
INSERT INTO `review` (`ReviewID`, `Content`, `Rating`, `ReviewerName`) VALUES (55222678, 'Illo in doloremque qui non nobis ut reprehenderit aut. Sint voluptas suscipit optio quos rerum pariatur maiores. Consequatur id qui veritatis similique quisquam.', 1, 'vito.glover');
INSERT INTO `review` (`ReviewID`, `Content`, `Rating`, `ReviewerName`) VALUES (55234981, 'Aut distinctio at qui et. Quas deserunt et consectetur quasi laudantium odit. Magni aspernatur quod eos ut.', 1, 'phessel');
INSERT INTO `review` (`ReviewID`, `Content`, `Rating`, `ReviewerName`) VALUES (55352255, 'Quae aut et ut. Consequatur amet voluptates incidunt dolorum ea. Voluptatibus ipsa aperiam quia adipisci.\nCum earum est qui. Aspernatur harum fuga vel est ratione iste quia.', 4, 'ayana24');
INSERT INTO `review` (`ReviewID`, `Content`, `Rating`, `ReviewerName`) VALUES (55352444, 'Excepturi et et ut corrupti quia. Quia sequi et et quia rerum. Velit numquam et quia iste accusamus voluptas commodi. Fuga beatae fugit nam unde corporis dignissimos cumque labore.', 5, 'christina.jacobson');
INSERT INTO `review` (`ReviewID`, `Content`, `Rating`, `ReviewerName`) VALUES (55422623, 'Adipisci a deserunt nesciunt consequatur velit sunt. Odit fuga et aliquid non. Et corporis in maxime consectetur ea similique repellat. Aliquam expedita quo est repudiandae ducimus et.', 3, 'macy.parisian');
INSERT INTO `review` (`ReviewID`, `Content`, `Rating`, `ReviewerName`) VALUES (55466373, 'Aut repellat quis ea ut exercitationem. Facilis excepturi ipsam ut enim saepe enim. Consectetur vel sit itaque soluta.', 3, 'jerde.jessyca');
INSERT INTO `review` (`ReviewID`, `Content`, `Rating`, `ReviewerName`) VALUES (55571500, 'Qui quod iure qui iusto laudantium. Quod laboriosam minus quaerat dignissimos. Reiciendis rerum voluptatem vero quisquam. Est rerum in consequatur possimus.', 3, 'myah48');
INSERT INTO `review` (`ReviewID`, `Content`, `Rating`, `ReviewerName`) VALUES (55608638, 'Illo facilis ratione laboriosam. Incidunt ea ea totam dolorem officia ad eligendi. Corrupti minus quo id ex repellendus quia itaque.', 3, 'kassandra.krajcik');
INSERT INTO `review` (`ReviewID`, `Content`, `Rating`, `ReviewerName`) VALUES (55765298, 'Voluptas recusandae consequatur consequatur iure ut. Dolor culpa enim tempore omnis. Eligendi esse id temporibus laboriosam vel sapiente eaque exercitationem. Excepturi iste illum et aperiam.', 2, 'qmonahan');
INSERT INTO `review` (`ReviewID`, `Content`, `Rating`, `ReviewerName`) VALUES (55793391, 'Impedit sed similique delectus. Recusandae autem voluptas molestiae occaecati. Exercitationem aperiam non iure autem. Sunt deleniti voluptatem quis nesciunt id. Cum aspernatur et inventore amet.', 3, 'd\'angelo25');
INSERT INTO `review` (`ReviewID`, `Content`, `Rating`, `ReviewerName`) VALUES (55852902, 'Facilis cupiditate aspernatur dolores aliquid aliquam qui maxime. Perferendis recusandae consequatur dolore omnis excepturi. Odio quo sed et ut delectus velit.', 1, 'brock99');
INSERT INTO `review` (`ReviewID`, `Content`, `Rating`, `ReviewerName`) VALUES (55875300, 'Autem eveniet consequatur aspernatur nam sed quis et. Non ut ipsa debitis qui aut. Sit et distinctio dolorem fuga.', 5, 'kovacek.jessika');
INSERT INTO `review` (`ReviewID`, `Content`, `Rating`, `ReviewerName`) VALUES (55969658, 'Aut minus et tempora qui. Quia voluptatum dolorum laboriosam voluptatibus. Enim eos ea numquam ex et vel vero nostrum.', 2, 'lisa.turcotte');
INSERT INTO `review` (`ReviewID`, `Content`, `Rating`, `ReviewerName`) VALUES (56063081, 'Earum atque et ut voluptas quis. Iusto molestiae sequi omnis sit ut soluta sed. Temporibus eum maiores ut autem qui a earum. Consequatur consequatur perferendis sequi voluptas.', 5, 'ayana24');
INSERT INTO `review` (`ReviewID`, `Content`, `Rating`, `ReviewerName`) VALUES (56085787, 'Nulla quaerat est sunt qui eos. Enim fugit velit molestiae eveniet. Dolorem recusandae totam iste eius corporis ut non. Deleniti incidunt vitae ipsa illum.', 5, 'davion.kub');
INSERT INTO `review` (`ReviewID`, `Content`, `Rating`, `ReviewerName`) VALUES (56088943, 'Fuga nobis quidem et accusantium. Animi omnis dolorem sit et. Eveniet non soluta eum tempora nemo exercitationem. Reiciendis commodi nobis expedita velit reiciendis.', 3, 'marlen41');
INSERT INTO `review` (`ReviewID`, `Content`, `Rating`, `ReviewerName`) VALUES (56138240, 'Quo voluptas corrupti sequi beatae aut. Quia dolore consequuntur et quasi qui at ab consequatur.', 3, 'cristina.thiel');
INSERT INTO `review` (`ReviewID`, `Content`, `Rating`, `ReviewerName`) VALUES (56155324, 'Animi eum debitis et voluptates non voluptatem ipsam. Quos velit laudantium aut et ducimus. Mollitia sequi nihil beatae amet.', 2, 'mohammad59');
INSERT INTO `review` (`ReviewID`, `Content`, `Rating`, `ReviewerName`) VALUES (56204365, 'Ex labore excepturi qui voluptatem quia reprehenderit rerum. In delectus aliquam accusantium rerum ea suscipit. In non qui consequatur molestiae consequuntur repellat hic voluptatem.', 5, 'darren.stamm');
INSERT INTO `review` (`ReviewID`, `Content`, `Rating`, `ReviewerName`) VALUES (56214280, 'Itaque odio quia itaque debitis ducimus ut explicabo. Ea in dolorem sit modi et. Veniam iste accusantium perferendis dolores rerum aut.', 1, 'qmonahan');
INSERT INTO `review` (`ReviewID`, `Content`, `Rating`, `ReviewerName`) VALUES (56228720, 'Delectus harum hic sed laboriosam. Quia et odio cum vitae. Ut laborum ut fuga doloribus est in et.', 5, 'o\'conner.corbin');
INSERT INTO `review` (`ReviewID`, `Content`, `Rating`, `ReviewerName`) VALUES (56258003, 'Adipisci ut quae quia temporibus maiores unde. Expedita non a veritatis qui accusantium perspiciatis. Blanditiis tenetur officiis tempora ipsam aut aliquid sunt aut.', 5, 'mcdermott.afton');
INSERT INTO `review` (`ReviewID`, `Content`, `Rating`, `ReviewerName`) VALUES (56511942, 'Itaque dolorem harum et magnam et inventore dolores repellendus. Eligendi quibusdam temporibus consequuntur ut hic. Reiciendis architecto fuga earum eum non ut. Incidunt voluptates sequi quo dolore.', 2, 'hills.cleta');
INSERT INTO `review` (`ReviewID`, `Content`, `Rating`, `ReviewerName`) VALUES (56622744, 'Temporibus consequatur itaque tempora rerum excepturi in. Eaque tempore culpa quo perspiciatis neque ducimus earum. Eos soluta voluptatem hic id itaque dolores alias.', 3, 'wiza.damian');
INSERT INTO `review` (`ReviewID`, `Content`, `Rating`, `ReviewerName`) VALUES (56744920, 'Veritatis quia rerum sunt quisquam non. Commodi sed et voluptates perferendis eum minus. Praesentium error eveniet aperiam qui non et vitae.', 4, 'sipes.mckenzie');
INSERT INTO `review` (`ReviewID`, `Content`, `Rating`, `ReviewerName`) VALUES (56848421, 'Quis ut vel quae voluptatum qui eos. Numquam voluptate minima voluptates. Magni amet eos maxime pariatur et totam ea. Iure quo velit laborum adipisci ad.', 5, 'june31');
INSERT INTO `review` (`ReviewID`, `Content`, `Rating`, `ReviewerName`) VALUES (57002330, 'Rerum voluptas maiores cupiditate repellendus. Deleniti ut quo enim iusto. Atque iusto est rerum facere rerum vel in. Nostrum quam consequatur nihil eligendi.', 4, 'mcdermott.afton');
INSERT INTO `review` (`ReviewID`, `Content`, `Rating`, `ReviewerName`) VALUES (57297772, 'Sint dolor dicta nam aut ut. In dolore rem quia error. Ut explicabo deleniti quam vero at fuga unde.', 1, 'rowena.hoeger');
INSERT INTO `review` (`ReviewID`, `Content`, `Rating`, `ReviewerName`) VALUES (57317088, 'Dolore omnis eos explicabo quidem id. Quas molestiae pariatur id odit eum aliquid molestiae. Qui ad vitae harum eos incidunt voluptatum.', 5, 'ottis18');
INSERT INTO `review` (`ReviewID`, `Content`, `Rating`, `ReviewerName`) VALUES (57549597, 'Ut eligendi doloremque et aut dicta. Deserunt incidunt eligendi est ratione quo. Rem ut ducimus harum aut laudantium. Repellat sed rerum adipisci eligendi.', 3, 'vito.glover');
INSERT INTO `review` (`ReviewID`, `Content`, `Rating`, `ReviewerName`) VALUES (57788051, 'Minima assumenda blanditiis est pariatur. Consequuntur natus aut vero voluptas dolorem sed illo. Consequatur minima doloremque itaque eos cum est ipsum.', 3, 'ottis18');
INSERT INTO `review` (`ReviewID`, `Content`, `Rating`, `ReviewerName`) VALUES (57797419, 'Sint accusamus suscipit enim mollitia accusamus libero culpa quasi. Velit tempore illo dolore eos voluptatem incidunt cum. Blanditiis voluptatem provident earum deserunt id minima et.', 2, 'june31');
INSERT INTO `review` (`ReviewID`, `Content`, `Rating`, `ReviewerName`) VALUES (57934108, 'Nisi et itaque molestiae quos asperiores voluptatem voluptate qui. Nulla deleniti eligendi tempore facilis et. Aut aut quia molestias aut. Officiis vero commodi qui eaque facilis quia.', 2, 'june31');
INSERT INTO `review` (`ReviewID`, `Content`, `Rating`, `ReviewerName`) VALUES (57953993, 'Ut sunt qui officia rerum ea. Itaque minus dolor non optio aspernatur. Eos blanditiis nesciunt qui eius asperiores.\nSed nam perspiciatis fugiat sit blanditiis. Et et harum ipsam tempora.', 1, 'corene22');
INSERT INTO `review` (`ReviewID`, `Content`, `Rating`, `ReviewerName`) VALUES (57987297, 'Et voluptas quia vero soluta dolores. Deserunt iusto fugit aliquid quae explicabo voluptatem sapiente ab. Expedita qui illum qui tenetur aperiam quae.', 4, 'nathen20');
INSERT INTO `review` (`ReviewID`, `Content`, `Rating`, `ReviewerName`) VALUES (58002755, 'Tempora et eaque deserunt et dignissimos facere. Esse voluptates quia quia. Velit deleniti tempora nulla et nihil enim et.\nVoluptatem sequi ea fuga. Aut quas eos id accusamus illo.', 5, 'tjohns');
INSERT INTO `review` (`ReviewID`, `Content`, `Rating`, `ReviewerName`) VALUES (58047924, 'Quia praesentium quo quod ad eveniet. Nostrum mollitia reprehenderit maxime voluptas. Asperiores natus voluptates sed.', 1, 'erich32');
INSERT INTO `review` (`ReviewID`, `Content`, `Rating`, `ReviewerName`) VALUES (58076470, 'In voluptas et suscipit perspiciatis aut quod. Et et sit eos laboriosam. Quibusdam odit velit fuga atque consequatur.', 5, 'mwitting');
INSERT INTO `review` (`ReviewID`, `Content`, `Rating`, `ReviewerName`) VALUES (58123436, 'Enim deleniti ut quibusdam eum. Quaerat sit placeat et sunt. Non molestiae quas aspernatur sed deleniti ipsa incidunt. Aut rerum neque impedit corporis qui magni.', 5, 'franco.corwin');
INSERT INTO `review` (`ReviewID`, `Content`, `Rating`, `ReviewerName`) VALUES (58200260, 'Molestias ratione vel ipsam sit. Atque commodi voluptatibus inventore vel qui. Laudantium quis ipsam sit facilis aut dolor sint.', 3, 'mcdermott.afton');
INSERT INTO `review` (`ReviewID`, `Content`, `Rating`, `ReviewerName`) VALUES (58264028, 'Consequatur illo maiores eveniet provident. Rem accusamus quasi quae est inventore excepturi. Ipsam voluptatem aspernatur ullam sint qui eveniet blanditiis.', 2, 'skyla.jerde');
INSERT INTO `review` (`ReviewID`, `Content`, `Rating`, `ReviewerName`) VALUES (58272466, 'Nostrum molestiae itaque consequatur molestiae asperiores harum aut voluptatibus. Magnam rerum quas quia nihil. Sit voluptatem a a vitae.', 3, 'gshields');
INSERT INTO `review` (`ReviewID`, `Content`, `Rating`, `ReviewerName`) VALUES (58285901, 'Voluptatum ipsam esse officiis ab quidem. Et hic aperiam velit laborum magni natus. Et ducimus iusto quia voluptas sequi qui doloremque.', 3, 'ujohnston');
INSERT INTO `review` (`ReviewID`, `Content`, `Rating`, `ReviewerName`) VALUES (58294858, 'Molestias ut sit modi quae. Voluptatum nisi et alias rerum voluptas.', 1, 'hparisian');
INSERT INTO `review` (`ReviewID`, `Content`, `Rating`, `ReviewerName`) VALUES (58325823, 'Voluptatem et qui sit qui nulla. Et iusto qui nobis quia cum dolores dolore deleniti. Id neque facere omnis aut non iste quia illo. Consequatur praesentium aut quasi est animi iste.', 4, 'ayana24');
INSERT INTO `review` (`ReviewID`, `Content`, `Rating`, `ReviewerName`) VALUES (58332872, 'Porro cupiditate sed quis aut officiis est dolorem esse. Possimus quae atque similique quidem. Ex iste dicta quis vel vel corrupti quo aliquid.', 3, 'skyla.jerde');
INSERT INTO `review` (`ReviewID`, `Content`, `Rating`, `ReviewerName`) VALUES (58369993, 'Consectetur ut vitae dignissimos dignissimos nisi expedita. Ut labore atque delectus nihil modi iure doloribus. Totam corrupti veniam quidem ipsam autem.', 3, 'rowena.hoeger');
INSERT INTO `review` (`ReviewID`, `Content`, `Rating`, `ReviewerName`) VALUES (58484448, 'Quos non sunt quae ab culpa officiis est. Non id est autem nulla nobis nulla. Sunt sunt sed pariatur voluptatum eum ad. Quia et sit nesciunt sint nulla inventore.', 3, 'satterfield.destiny');
INSERT INTO `review` (`ReviewID`, `Content`, `Rating`, `ReviewerName`) VALUES (58775847, 'Facilis iste neque consequatur autem sunt architecto. Veniam fugiat necessitatibus voluptatibus fuga. Provident quasi unde blanditiis sunt nihil. Ratione officia aut nemo non vel.', 4, 'madelynn71');
INSERT INTO `review` (`ReviewID`, `Content`, `Rating`, `ReviewerName`) VALUES (58951419, 'Eligendi inventore et ipsam labore repudiandae consequatur. Modi error aut corrupti dicta fuga ipsam. Quo error vitae velit esse.', 5, 'anderson.daphney');
INSERT INTO `review` (`ReviewID`, `Content`, `Rating`, `ReviewerName`) VALUES (59003857, 'Consequuntur omnis dolores accusantium qui porro. Nulla voluptas ut vitae eos nam.', 1, 'fleta75');
INSERT INTO `review` (`ReviewID`, `Content`, `Rating`, `ReviewerName`) VALUES (59028802, 'Omnis delectus rem autem optio ab. Fuga quod dignissimos eligendi ratione et eaque. Explicabo et eum nobis aliquam.', 5, 'shills');
INSERT INTO `review` (`ReviewID`, `Content`, `Rating`, `ReviewerName`) VALUES (59132003, 'Et facere eaque eum dolor neque. Quae iure totam et. Et aut quidem doloribus doloremque.', 2, 'mariela53');
INSERT INTO `review` (`ReviewID`, `Content`, `Rating`, `ReviewerName`) VALUES (59296342, 'Expedita ab quia aspernatur blanditiis. Et nihil optio hic saepe asperiores possimus. Quia sequi minus earum omnis est necessitatibus. Ea in occaecati rerum ea quo.', 4, 'bergnaum.arielle');
INSERT INTO `review` (`ReviewID`, `Content`, `Rating`, `ReviewerName`) VALUES (59355615, 'Rerum vero iste veniam voluptatem ea vero. Doloremque omnis officiis ab hic. Debitis deleniti voluptate quia ea distinctio neque temporibus.', 5, 'd\'angelo25');
INSERT INTO `review` (`ReviewID`, `Content`, `Rating`, `ReviewerName`) VALUES (59374096, 'Qui libero et et ex dolor ullam fuga qui. Consequuntur occaecati eius itaque minima consequuntur. Ab totam quam et ipsa quia ea.', 2, 'trogahn');
INSERT INTO `review` (`ReviewID`, `Content`, `Rating`, `ReviewerName`) VALUES (59511282, 'Qui consequatur ut quia illo. Ad sunt aliquam ipsam aut id repudiandae necessitatibus aut.', 4, 'kristofer13');
INSERT INTO `review` (`ReviewID`, `Content`, `Rating`, `ReviewerName`) VALUES (59516354, 'Cumque deleniti minima asperiores eos et veritatis velit. Incidunt sed illum et voluptatum doloribus incidunt doloremque.', 2, 'barton54');
INSERT INTO `review` (`ReviewID`, `Content`, `Rating`, `ReviewerName`) VALUES (59522659, 'Alias rerum consequatur aperiam omnis et velit. Assumenda quibusdam sint quaerat amet est. Consequatur voluptatem explicabo accusamus ducimus rerum sed.', 1, 'nathen20');
INSERT INTO `review` (`ReviewID`, `Content`, `Rating`, `ReviewerName`) VALUES (59549481, 'Deserunt sequi quo necessitatibus et qui velit nisi. Dignissimos et quaerat assumenda assumenda fugit.', 4, 'bergnaum.arielle');
INSERT INTO `review` (`ReviewID`, `Content`, `Rating`, `ReviewerName`) VALUES (59672768, 'Illo quod et et sed. Veritatis iusto animi sed eum. Culpa mollitia a ad perferendis quam.', 5, 'macy.parisian');
INSERT INTO `review` (`ReviewID`, `Content`, `Rating`, `ReviewerName`) VALUES (59718106, 'Sequi quis fugit facere modi sed. Rerum corrupti ipsum culpa ut. Qui dicta ut vel.', 1, 'mariela53');
INSERT INTO `review` (`ReviewID`, `Content`, `Rating`, `ReviewerName`) VALUES (59848473, 'Illum magnam quis dicta quam repellendus et harum neque. Amet animi quos sit et. Minima velit similique eveniet eos.', 2, 'joany63');
INSERT INTO `review` (`ReviewID`, `Content`, `Rating`, `ReviewerName`) VALUES (59965848, 'Recusandae ipsum voluptas repellendus omnis sunt. Accusamus explicabo autem voluptates ut aut eos. Placeat nulla qui iure autem est unde ut ipsa. Aliquam adipisci beatae veniam ut praesentium et.', 1, 'ephraim39');
INSERT INTO `review` (`ReviewID`, `Content`, `Rating`, `ReviewerName`) VALUES (60025809, 'Molestias consequatur minus voluptate adipisci. Minima corporis quos aspernatur. Et aut ut consequatur consequuntur rerum.', 1, 'lucile.prosacco');
INSERT INTO `review` (`ReviewID`, `Content`, `Rating`, `ReviewerName`) VALUES (60031732, 'Voluptatem cumque itaque explicabo culpa id autem eligendi ab. Mollitia praesentium tenetur et qui consequatur sequi et.', 3, 'vita.dooley');
INSERT INTO `review` (`ReviewID`, `Content`, `Rating`, `ReviewerName`) VALUES (60050744, 'Nam soluta qui animi vel modi. Nam culpa temporibus itaque consequatur corrupti. Quasi eveniet deserunt laudantium sunt sint. Voluptatibus possimus ea autem quod maiores omnis et.', 3, 'orlo.hills');
INSERT INTO `review` (`ReviewID`, `Content`, `Rating`, `ReviewerName`) VALUES (60133722, 'Repellat eveniet enim ut cum. Enim repellat nam qui ut maiores cum molestias. Quia odio voluptatem quia sit excepturi. Quod autem sit repellat.', 1, 'orlo.hills');
INSERT INTO `review` (`ReviewID`, `Content`, `Rating`, `ReviewerName`) VALUES (60154650, 'Quis qui ut quaerat. Fuga quia numquam omnis quis dolore recusandae voluptatibus. Eius numquam officiis nihil voluptates aliquam et. Quia quasi amet quia non.', 1, 'isobel.lakin');
INSERT INTO `review` (`ReviewID`, `Content`, `Rating`, `ReviewerName`) VALUES (60255084, 'Ad sed tempore soluta. Ut vitae in dolores ut quae non. Non vel cupiditate laboriosam quidem cum sit. Est ullam amet voluptatibus libero illum hic neque. Unde quia enim in voluptas.', 1, 'vkertzmann');
INSERT INTO `review` (`ReviewID`, `Content`, `Rating`, `ReviewerName`) VALUES (60259423, 'Sint deserunt nisi ipsam iure nostrum soluta tempore. Tempore eos deserunt et nobis illum fuga. Perferendis vero exercitationem deleniti a vero ut sit. Veritatis vitae aut sit architecto.', 1, 'madelynn71');
INSERT INTO `review` (`ReviewID`, `Content`, `Rating`, `ReviewerName`) VALUES (60275652, 'Veritatis tempore eius quidem voluptatem qui voluptas. Magnam et qui eos et. Dolore ea minus sapiente placeat saepe ducimus. Et in voluptatem qui libero numquam consequatur repellendus.', 4, 'manuel90');
INSERT INTO `review` (`ReviewID`, `Content`, `Rating`, `ReviewerName`) VALUES (60275806, 'Et tempore corrupti ab animi blanditiis laudantium. Rerum ullam at sed quisquam. Qui voluptatem aut fugiat eius voluptas rem dolor. Quis incidunt dolore quia et cumque officiis aspernatur error.', 1, 'antonio.aufderhar');
INSERT INTO `review` (`ReviewID`, `Content`, `Rating`, `ReviewerName`) VALUES (60303279, 'Omnis et vero beatae. Exercitationem ipsam consequatur sapiente maiores rerum possimus. Neque labore veritatis impedit earum atque dolore.', 2, 'madelynn71');
INSERT INTO `review` (`ReviewID`, `Content`, `Rating`, `ReviewerName`) VALUES (60316539, 'Hic in necessitatibus asperiores. Ab sed doloremque rerum ducimus. A dolores officia fugiat iure minima omnis reprehenderit dignissimos. Neque sed et quasi est.', 2, 'corwin.meredith');
INSERT INTO `review` (`ReviewID`, `Content`, `Rating`, `ReviewerName`) VALUES (60384090, 'Sed modi itaque sit cum. Tenetur repudiandae magni rerum omnis et quisquam rerum. Possimus et tempora fugit necessitatibus vel doloremque voluptas. Provident aut dicta ut quibusdam.', 5, 'yvon');
INSERT INTO `review` (`ReviewID`, `Content`, `Rating`, `ReviewerName`) VALUES (60392832, 'Saepe quo optio qui. Quia laudantium dignissimos pariatur est est maxime consequatur voluptatum. Dolores nobis enim eius accusantium pariatur voluptas voluptatem.', 2, 'shills');
INSERT INTO `review` (`ReviewID`, `Content`, `Rating`, `ReviewerName`) VALUES (60414712, 'Pariatur quaerat et aspernatur repellendus deleniti rerum assumenda temporibus. Voluptates vitae blanditiis ea ut aspernatur nobis.', 4, 'marlen41');
INSERT INTO `review` (`ReviewID`, `Content`, `Rating`, `ReviewerName`) VALUES (60416472, 'Qui suscipit autem vero nisi impedit alias consequatur. Ut non qui perferendis architecto eum aut inventore. Fuga quae voluptatum eveniet vero quos deserunt. Vero possimus nisi est.', 5, 'christina.jacobson');
INSERT INTO `review` (`ReviewID`, `Content`, `Rating`, `ReviewerName`) VALUES (60622569, 'Ut occaecati ab ea eligendi eaque iusto accusamus. Rem aliquid facilis aliquam nisi voluptas eum dolor.', 4, 'macy.parisian');
INSERT INTO `review` (`ReviewID`, `Content`, `Rating`, `ReviewerName`) VALUES (60644307, 'Enim eligendi molestiae est et et eius ut. Aut qui quisquam neque neque rem officiis consequatur. Qui delectus perspiciatis est consequatur consequatur explicabo vel. Dolor facilis soluta rerum sint.', 3, 'satterfield.destiny');
INSERT INTO `review` (`ReviewID`, `Content`, `Rating`, `ReviewerName`) VALUES (60798591, 'Impedit dolorum est iure ullam occaecati eos ut dolore. Perspiciatis a quas vel maxime impedit vero exercitationem. Voluptas est sed dolorum vel eveniet. Debitis aut consequuntur qui et ut.', 1, 'christina.jacobson');
INSERT INTO `review` (`ReviewID`, `Content`, `Rating`, `ReviewerName`) VALUES (60985075, 'Id quas autem optio dolorem vero quae sint cumque. Exercitationem earum alias iste nostrum pariatur blanditiis sit. Non et quam quia quia ut possimus. Veniam ipsa eum voluptas dolores.', 1, 'trogahn');
INSERT INTO `review` (`ReviewID`, `Content`, `Rating`, `ReviewerName`) VALUES (61111520, 'Corrupti rerum odio cum repellendus deserunt error. Beatae quia cumque sunt velit quam debitis. Corporis ab repudiandae ut voluptas molestiae id commodi quam.', 5, 'deven76');
INSERT INTO `review` (`ReviewID`, `Content`, `Rating`, `ReviewerName`) VALUES (61165245, 'Impedit ea alias asperiores facilis necessitatibus. Consequatur quibusdam aut voluptas molestiae. Nulla voluptas sed amet vitae et tempore et. Vitae repudiandae recusandae sed consequuntur non.', 2, 'ohuel');
INSERT INTO `review` (`ReviewID`, `Content`, `Rating`, `ReviewerName`) VALUES (61259429, 'Aut totam alias in beatae non. Deserunt qui dolorum esse aut. Voluptatum sint minima nisi.', 1, 'darron29');
INSERT INTO `review` (`ReviewID`, `Content`, `Rating`, `ReviewerName`) VALUES (61309235, 'Minima et et quae cumque eaque. Corporis aut laudantium a rerum iure nihil exercitationem. Impedit perspiciatis et ea autem incidunt numquam. Aut fugiat non odit et hic voluptatem et.', 4, 'wilderman.anabelle');
INSERT INTO `review` (`ReviewID`, `Content`, `Rating`, `ReviewerName`) VALUES (61378268, 'Necessitatibus id autem necessitatibus natus at. Ipsam voluptate et eos quia. Laboriosam et et et voluptas iure ratione.', 1, 'casper.price');
INSERT INTO `review` (`ReviewID`, `Content`, `Rating`, `ReviewerName`) VALUES (61591583, 'Quaerat laboriosam facere voluptatem. Quam beatae possimus enim numquam eum voluptatibus nulla a. Quis rem commodi aliquid consequuntur et.', 4, 'mwitting');
INSERT INTO `review` (`ReviewID`, `Content`, `Rating`, `ReviewerName`) VALUES (61821008, 'Et velit earum illo labore assumenda. Est aperiam suscipit mollitia dolore. Omnis minima suscipit maxime cupiditate voluptatum.', 5, 'wiza.damian');
INSERT INTO `review` (`ReviewID`, `Content`, `Rating`, `ReviewerName`) VALUES (61972620, 'Earum aut at consequatur nobis. Non quas et minima adipisci asperiores eos. Ipsam nobis itaque dolores illo illo distinctio. Deserunt sint tempore eligendi.', 5, 'funk.brando');
INSERT INTO `review` (`ReviewID`, `Content`, `Rating`, `ReviewerName`) VALUES (62204341, 'Ratione ex nemo dicta et qui tempore. Nulla et eligendi commodi ut et. Autem ipsam voluptate minima quia sint.', 3, 'corwin.meredith');
INSERT INTO `review` (`ReviewID`, `Content`, `Rating`, `ReviewerName`) VALUES (62214862, 'Et fugit ut eum ut. Et earum autem necessitatibus recusandae. Aut optio sit iusto sit consequatur eum. Est dicta magni qui quos ut libero nobis consequatur.', 4, 'lgreenfelder');
INSERT INTO `review` (`ReviewID`, `Content`, `Rating`, `ReviewerName`) VALUES (62687874, 'Dolorum quia aperiam dolor molestiae adipisci similique nihil commodi. Error tempore rerum consequuntur porro optio incidunt quibusdam.', 2, 'brock99');
INSERT INTO `review` (`ReviewID`, `Content`, `Rating`, `ReviewerName`) VALUES (62707281, 'Ut modi aut accusantium aperiam harum distinctio eaque occaecati. Maiores dolorem accusantium minus. Numquam vitae mollitia quam dolores. Facilis quia enim omnis eum consectetur impedit qui.', 2, 'mohammad59');
INSERT INTO `review` (`ReviewID`, `Content`, `Rating`, `ReviewerName`) VALUES (62720221, 'Et omnis rerum occaecati cum et. Hic vel amet veritatis earum asperiores accusantium.', 2, 'davion.kub');
INSERT INTO `review` (`ReviewID`, `Content`, `Rating`, `ReviewerName`) VALUES (62779446, 'Neque non tempore laborum quos. Quis nihil iusto est ea ipsam est blanditiis. Quidem nesciunt eveniet ipsam enim quos porro magnam.', 2, 'vito.glover');
INSERT INTO `review` (`ReviewID`, `Content`, `Rating`, `ReviewerName`) VALUES (62890933, 'Velit voluptatum commodi nulla aut nihil et. Minus voluptatem qui voluptatem non ipsa ut minus fugit. Sapiente fugit earum veniam rem. Qui molestias non itaque deleniti et.', 1, 'sarah94');
INSERT INTO `review` (`ReviewID`, `Content`, `Rating`, `ReviewerName`) VALUES (62894076, 'Est quisquam officiis eaque. Esse sequi in et culpa eius consequatur. Soluta necessitatibus id est. Excepturi at necessitatibus omnis ut perferendis atque dolore.', 3, 'funk.brando');
INSERT INTO `review` (`ReviewID`, `Content`, `Rating`, `ReviewerName`) VALUES (62895862, 'Ipsam est aut repellat quis dolor magnam adipisci maiores. Iusto inventore atque eos porro odio velit doloribus. Cum unde enim architecto aliquam omnis quibusdam.', 2, 'brandyn22');
INSERT INTO `review` (`ReviewID`, `Content`, `Rating`, `ReviewerName`) VALUES (62913344, 'Asperiores ut libero tempora dolore cupiditate et. Expedita reprehenderit iste sequi autem consequuntur consequuntur. Explicabo adipisci pariatur commodi. Atque qui perferendis recusandae aut.', 1, 'ujohnston');
INSERT INTO `review` (`ReviewID`, `Content`, `Rating`, `ReviewerName`) VALUES (62988570, 'Illo iure sit fugiat. Incidunt quaerat quisquam enim molestias corporis non animi mollitia. Perspiciatis eos perferendis placeat maiores.', 5, 'cristina.thiel');
INSERT INTO `review` (`ReviewID`, `Content`, `Rating`, `ReviewerName`) VALUES (63061104, 'Id ut et placeat ipsa aut officiis culpa. Aut eos nihil in unde architecto delectus. Et voluptatem vel ipsa omnis earum sed. Voluptatem aliquid rerum qui.', 4, 'johanna.barton');
INSERT INTO `review` (`ReviewID`, `Content`, `Rating`, `ReviewerName`) VALUES (63102053, 'Eius aspernatur et ut possimus quia cumque debitis. Et architecto dolores natus blanditiis numquam. Rem adipisci eveniet incidunt voluptatem.', 1, 'cristina.thiel');
INSERT INTO `review` (`ReviewID`, `Content`, `Rating`, `ReviewerName`) VALUES (63184189, 'Distinctio qui provident nobis modi. Quis voluptas quia quo qui ipsam. Deserunt occaecati a maxime qui.', 2, 'mwitting');
INSERT INTO `review` (`ReviewID`, `Content`, `Rating`, `ReviewerName`) VALUES (63284589, 'Est aut et odio et. Porro velit est quibusdam corrupti. Dolore mollitia sit voluptas et qui autem ullam.', 5, 'abbott.emery');
INSERT INTO `review` (`ReviewID`, `Content`, `Rating`, `ReviewerName`) VALUES (63299513, 'Modi rerum minima consequatur error omnis. Corrupti ad tempore consequatur distinctio. Vitae et non molestiae perspiciatis atque ex exercitationem. Officia sint et sapiente maxime tempore sed.', 3, 'nathen20');
INSERT INTO `review` (`ReviewID`, `Content`, `Rating`, `ReviewerName`) VALUES (63312879, 'Vel ea architecto in ad vel est. Ut delectus ipsa quo vel rerum unde eveniet.', 1, 'hazle13');
INSERT INTO `review` (`ReviewID`, `Content`, `Rating`, `ReviewerName`) VALUES (63328499, 'Consequuntur sint aspernatur omnis officia. Culpa et autem ut sint quod aut. Cupiditate sed sed consequatur similique. Quis incidunt voluptatem ut dolorem officiis ea possimus.', 2, 'phessel');
INSERT INTO `review` (`ReviewID`, `Content`, `Rating`, `ReviewerName`) VALUES (63332105, 'Ducimus qui sint autem quae. Nobis atque sunt tempora deserunt vel et tenetur. Ea ab eos et quas voluptas. Possimus molestiae provident exercitationem repudiandae nemo tempore.', 3, 'ellen.murray');
INSERT INTO `review` (`ReviewID`, `Content`, `Rating`, `ReviewerName`) VALUES (63427676, 'Ea aliquid soluta libero ut sunt alias. Quas et dolor quia autem mollitia voluptatum qui. Nihil unde in aliquid consectetur voluptas velit.', 2, 'vita.dooley');
INSERT INTO `review` (`ReviewID`, `Content`, `Rating`, `ReviewerName`) VALUES (63438656, 'Et maxime et ipsa recusandae optio molestias. Qui quam repudiandae sunt dicta eum consequatur quia. Voluptate deserunt iste quo exercitationem exercitationem.', 2, 'jerde.jessyca');
INSERT INTO `review` (`ReviewID`, `Content`, `Rating`, `ReviewerName`) VALUES (63491931, 'Eum ad doloremque ipsam et. Quo dignissimos voluptas et quia. Occaecati vel rerum ut.', 2, 'schulist.cruz');
INSERT INTO `review` (`ReviewID`, `Content`, `Rating`, `ReviewerName`) VALUES (63555057, 'Non doloribus inventore aut autem sunt minima optio. Et eos asperiores necessitatibus maxime molestiae. Qui est dolor aut dolor. Nesciunt natus non nostrum molestiae molestiae harum.', 3, 'rowena.hoeger');
INSERT INTO `review` (`ReviewID`, `Content`, `Rating`, `ReviewerName`) VALUES (63588497, 'Incidunt dolores maxime unde ad et eum. Quia in ipsum rerum sint. Dolores nihil tenetur molestiae suscipit. Occaecati impedit sunt dolore deleniti adipisci soluta.', 5, 'antonio.aufderhar');
INSERT INTO `review` (`ReviewID`, `Content`, `Rating`, `ReviewerName`) VALUES (63594055, 'Nulla et asperiores est perferendis vel. Amet molestiae sed sequi at accusantium dolorem eos. Et blanditiis quis quos odio consequatur voluptas. Esse harum consequuntur itaque soluta.', 4, 'otillman');
INSERT INTO `review` (`ReviewID`, `Content`, `Rating`, `ReviewerName`) VALUES (63689283, 'Rerum odit enim illum iste quos rerum. Sequi nulla voluptas consequatur eos perferendis. Est libero inventore nisi molestias quia nisi veritatis.', 5, 'joany63');
INSERT INTO `review` (`ReviewID`, `Content`, `Rating`, `ReviewerName`) VALUES (63772441, 'Sunt repellat non sint perspiciatis. Ducimus quo fuga odio et repellendus sapiente sit.', 1, 'gshields');
INSERT INTO `review` (`ReviewID`, `Content`, `Rating`, `ReviewerName`) VALUES (63928029, 'Sit hic eius corrupti consequatur ut quod. Quos sint quam in rerum nam. Veritatis et necessitatibus dolorem et et vero dolor mollitia. Repellat non delectus est nihil.', 3, 'o\'conner.corbin');
INSERT INTO `review` (`ReviewID`, `Content`, `Rating`, `ReviewerName`) VALUES (64102273, 'Consequatur nemo eos commodi perspiciatis. Magni doloremque laudantium omnis iusto quae.\nItaque corrupti nemo quia asperiores. Animi officia veritatis veritatis. Numquam consequatur tempora non.', 5, 'kristofer13');
INSERT INTO `review` (`ReviewID`, `Content`, `Rating`, `ReviewerName`) VALUES (64222425, 'Maxime molestiae enim distinctio aut. Dolor ut voluptate quis. Ullam qui laboriosam totam rerum dolore aut eos. Ut magni aliquam culpa consequatur in est. Impedit quibusdam sint libero animi culpa.', 2, 'lisa.turcotte');
INSERT INTO `review` (`ReviewID`, `Content`, `Rating`, `ReviewerName`) VALUES (64290127, 'Voluptas aut est quos sed tempore dignissimos inventore. Et vel animi vel debitis possimus labore. Culpa dolor ipsa est omnis. Voluptatibus aliquid et officiis nesciunt.', 1, 'christina.jacobson');
INSERT INTO `review` (`ReviewID`, `Content`, `Rating`, `ReviewerName`) VALUES (64409578, 'Labore sit assumenda quo incidunt ut. Suscipit quia officiis laboriosam et. Modi quae voluptatem tempora veritatis.', 5, 'rory15');
INSERT INTO `review` (`ReviewID`, `Content`, `Rating`, `ReviewerName`) VALUES (64492346, 'Qui qui cum et voluptas ipsum. In accusamus optio molestiae porro vero iure. Aut aut est eaque hic fuga.', 2, 'macy.parisian');
INSERT INTO `review` (`ReviewID`, `Content`, `Rating`, `ReviewerName`) VALUES (64521625, 'Quos ratione incidunt animi dicta maxime. Ab quidem ipsa qui. Eius quas tempore saepe perspiciatis sit.', 4, 'erich32');
INSERT INTO `review` (`ReviewID`, `Content`, `Rating`, `ReviewerName`) VALUES (64622636, 'Quidem labore in rerum dicta. Fugit sint ut pariatur odit facilis blanditiis dignissimos. Omnis accusantium sunt maxime asperiores quis ab. Qui iste ad earum modi rerum iusto.', 1, 'vkertzmann');
INSERT INTO `review` (`ReviewID`, `Content`, `Rating`, `ReviewerName`) VALUES (64706693, 'Eos modi doloribus sed soluta dolores. Aut cupiditate fuga totam beatae neque quaerat voluptas. Laudantium quis accusamus laboriosam nesciunt.', 2, 'vita.dooley');
INSERT INTO `review` (`ReviewID`, `Content`, `Rating`, `ReviewerName`) VALUES (64777037, 'Et dolores consequatur ullam maiores quia hic. Nostrum at nihil ut. Non voluptas consequatur ipsam repellat cumque inventore ut.', 5, 'trogahn');
INSERT INTO `review` (`ReviewID`, `Content`, `Rating`, `ReviewerName`) VALUES (64787602, 'Asperiores est itaque nulla rerum. Quia dicta dolores debitis maxime ut eos. Quos non et voluptas eum qui officiis occaecati.', 1, 'mwitting');
INSERT INTO `review` (`ReviewID`, `Content`, `Rating`, `ReviewerName`) VALUES (64858980, 'Nesciunt voluptatem est sit eos fugiat. Nobis laborum non qui velit.', 1, 'wilderman.anabelle');
INSERT INTO `review` (`ReviewID`, `Content`, `Rating`, `ReviewerName`) VALUES (65003124, 'Nihil deleniti quisquam quis. Qui sunt ducimus neque tenetur. Eum voluptas voluptatum laborum illum impedit aut iusto.', 4, 'orlo.hills');
INSERT INTO `review` (`ReviewID`, `Content`, `Rating`, `ReviewerName`) VALUES (65008659, 'Dicta fugiat amet corrupti ea qui. Deserunt commodi dolor odio. Consequatur autem voluptates eos repudiandae nisi in nihil.', 1, 'elliott.kris');
INSERT INTO `review` (`ReviewID`, `Content`, `Rating`, `ReviewerName`) VALUES (65037109, 'Sed nostrum sit totam laudantium voluptatum ad earum. Quibusdam velit facere quas omnis. Incidunt quia et debitis aut voluptatum assumenda.', 4, 'wolff.morris');
INSERT INTO `review` (`ReviewID`, `Content`, `Rating`, `ReviewerName`) VALUES (65083961, 'Asperiores quos minima aut dolore accusantium. Ad tempora veniam ipsum esse. Optio nesciunt ad consequatur aut earum laudantium non est.', 5, 'astreich');
INSERT INTO `review` (`ReviewID`, `Content`, `Rating`, `ReviewerName`) VALUES (65210332, 'Animi est placeat tenetur harum et repellat est quae. Minima aut ducimus dolor ut.\nVoluptatibus quasi perspiciatis autem. Et sunt incidunt suscipit et est et. Nihil autem doloribus dolor.', 3, 'june31');
INSERT INTO `review` (`ReviewID`, `Content`, `Rating`, `ReviewerName`) VALUES (65312262, 'Voluptatum voluptatum qui recusandae voluptate dolorum. Accusamus hic quaerat omnis quam dolorum. Qui id ex minus iure ut.', 4, 'hills.cleta');
INSERT INTO `review` (`ReviewID`, `Content`, `Rating`, `ReviewerName`) VALUES (65380993, 'Vitae dolorum est nostrum perferendis. Sint et labore cumque non.', 4, 'june31');
INSERT INTO `review` (`ReviewID`, `Content`, `Rating`, `ReviewerName`) VALUES (65416836, 'Sunt labore rem sit magnam eum. Non tempore ipsum corporis et sunt fuga.', 2, 'kenna.tremblay');
INSERT INTO `review` (`ReviewID`, `Content`, `Rating`, `ReviewerName`) VALUES (65467380, 'Sequi exercitationem laborum nulla vel est natus occaecati. Dolore velit est commodi praesentium. Enim nisi dicta assumenda eos voluptatem molestias.', 4, 'sebastian65');
INSERT INTO `review` (`ReviewID`, `Content`, `Rating`, `ReviewerName`) VALUES (65477497, 'Vitae voluptas ipsa tenetur quod. Qui voluptas quo rem architecto. Eos porro corporis assumenda iure deleniti.', 3, 'macy.parisian');
INSERT INTO `review` (`ReviewID`, `Content`, `Rating`, `ReviewerName`) VALUES (65569663, 'Enim eum est nihil ullam nihil asperiores. Expedita aperiam aut perferendis perferendis cum. Rem ipsa harum unde totam eos eligendi. Tempora odio illo enim distinctio reprehenderit.', 2, 'jeremie86');
INSERT INTO `review` (`ReviewID`, `Content`, `Rating`, `ReviewerName`) VALUES (65576012, 'Repellendus sed in voluptatem occaecati esse ab saepe. Ab quo debitis blanditiis delectus pariatur non iure beatae. Et dignissimos sed non rerum provident.', 3, 'jeremie86');
INSERT INTO `review` (`ReviewID`, `Content`, `Rating`, `ReviewerName`) VALUES (65705133, 'Sed ipsum quidem iste in. Sint dolore eos corrupti. Sint veritatis porro eveniet. Eligendi quis accusantium enim eum est nobis voluptatem praesentium.', 3, 'brock99');
INSERT INTO `review` (`ReviewID`, `Content`, `Rating`, `ReviewerName`) VALUES (65907221, 'Ut sed est nostrum et delectus cumque earum. Officiis nulla mollitia esse in. Nihil libero autem porro omnis inventore. Nesciunt iste qui est nihil soluta vel.', 2, 'trogahn');
INSERT INTO `review` (`ReviewID`, `Content`, `Rating`, `ReviewerName`) VALUES (65945940, 'Ex esse placeat omnis. Ut id laudantium et. Asperiores velit est quibusdam illo.', 3, 'beahan.troy');
INSERT INTO `review` (`ReviewID`, `Content`, `Rating`, `ReviewerName`) VALUES (65994159, 'Iusto dolorum eligendi nam aut ut repellendus aut. Earum qui ex odit neque sit ipsa. Placeat quos at ut et a voluptatem impedit. Ut ut iusto repellendus nihil sunt.', 4, 'o\'conner.corbin');
INSERT INTO `review` (`ReviewID`, `Content`, `Rating`, `ReviewerName`) VALUES (66026684, 'Dolores consequuntur earum est aut pariatur. Odio fugiat libero nemo quia. Ipsum cupiditate voluptatibus et minus suscipit. Molestias officia nulla voluptas ut voluptas assumenda.', 4, 'tzulauf');
INSERT INTO `review` (`ReviewID`, `Content`, `Rating`, `ReviewerName`) VALUES (66045816, 'Dolorum eaque ipsa ea et voluptate vitae reiciendis. Magnam repellendus et minus provident. Dicta impedit provident eos voluptatem nulla voluptatibus occaecati. Non doloremque est consectetur.', 2, 'ahammes');
INSERT INTO `review` (`ReviewID`, `Content`, `Rating`, `ReviewerName`) VALUES (66098954, 'Asperiores ea autem molestiae ipsa assumenda non possimus. Ut in harum molestias earum et repellendus quia. Possimus alias aut aut ut beatae.', 5, 'trantow.watson');
INSERT INTO `review` (`ReviewID`, `Content`, `Rating`, `ReviewerName`) VALUES (66128822, 'Dolor quae unde laboriosam quam. Eius inventore iste laboriosam suscipit voluptas maiores repellendus possimus.', 5, 'satterfield.destiny');
INSERT INTO `review` (`ReviewID`, `Content`, `Rating`, `ReviewerName`) VALUES (66528491, 'Sit expedita maxime doloribus. Voluptas ab sapiente odit autem quod assumenda odio. Officia sed autem inventore sit sed. Est distinctio tenetur alias vel dolorem quae repellendus quis.', 4, 'ohuel');
INSERT INTO `review` (`ReviewID`, `Content`, `Rating`, `ReviewerName`) VALUES (66539396, 'Omnis dolor ex et ut aut. Eius ea totam provident quia cumque error maiores aliquam. Dolores iste libero ullam consequatur.', 4, 'darren.stamm');
INSERT INTO `review` (`ReviewID`, `Content`, `Rating`, `ReviewerName`) VALUES (66622418, 'Sequi non dolores officiis reprehenderit culpa itaque ut. Fuga occaecati reiciendis quisquam perspiciatis distinctio id. Ratione corporis natus et aliquid sapiente aut necessitatibus et.', 4, 'kassandra.krajcik');
INSERT INTO `review` (`ReviewID`, `Content`, `Rating`, `ReviewerName`) VALUES (66691365, 'Distinctio laborum dolorem voluptatem enim doloremque. Ex commodi ipsam minima repellendus eos voluptatibus. Quo vel non eveniet consequatur eum nemo omnis mollitia.', 2, 'ahammes');
INSERT INTO `review` (`ReviewID`, `Content`, `Rating`, `ReviewerName`) VALUES (66816727, 'Mollitia tenetur facere ratione ipsum et. Quaerat itaque voluptatem quibusdam ipsam eius optio. Autem est non recusandae aut.', 2, 'mohammad59');
INSERT INTO `review` (`ReviewID`, `Content`, `Rating`, `ReviewerName`) VALUES (66890379, 'Inventore omnis est ex facilis tempora omnis fuga. Officiis blanditiis delectus pariatur impedit voluptatibus sapiente quod eveniet.', 1, 'hparisian');
INSERT INTO `review` (`ReviewID`, `Content`, `Rating`, `ReviewerName`) VALUES (66902867, 'Quam dolores sed est. Fuga ea aspernatur tempora. Id fuga voluptatem sunt voluptatem. Et autem dolorum occaecati id quia id qui.', 3, 'tzulauf');
INSERT INTO `review` (`ReviewID`, `Content`, `Rating`, `ReviewerName`) VALUES (66975843, 'Blanditiis itaque aut voluptatem et. In voluptas aut enim. Reprehenderit quis ea doloribus.\nAut corrupti vero nisi voluptatem. Nulla et ut laborum iste commodi. Numquam dolor aut doloribus ipsum.', 1, 'rory15');
INSERT INTO `review` (`ReviewID`, `Content`, `Rating`, `ReviewerName`) VALUES (67023891, 'Ut sequi incidunt et veniam debitis minus. Et est commodi et qui occaecati magni ullam omnis. Minima in repellendus sit ea nam qui ullam eaque.', 4, 'funk.brando');
INSERT INTO `review` (`ReviewID`, `Content`, `Rating`, `ReviewerName`) VALUES (67087330, 'Libero modi ut sit iure. Qui necessitatibus praesentium hic provident maxime eos quibusdam. Voluptas animi veritatis et voluptate.', 3, 'nathen20');
INSERT INTO `review` (`ReviewID`, `Content`, `Rating`, `ReviewerName`) VALUES (67129500, 'Autem nulla fuga sed est velit. Accusamus sequi quas tempora. Suscipit rem modi non nobis voluptatem et fuga.', 1, 'vkertzmann');
INSERT INTO `review` (`ReviewID`, `Content`, `Rating`, `ReviewerName`) VALUES (67132101, 'Qui non rem quidem neque. Quis ducimus ratione ratione. Ut odit quia consequatur repellat amet deserunt minima.\nAut et molestiae ab eius. Tempora quia atque iure architecto omnis tempora nobis culpa.', 4, 'brandyn22');
INSERT INTO `review` (`ReviewID`, `Content`, `Rating`, `ReviewerName`) VALUES (67142834, 'Debitis necessitatibus beatae nostrum officia. Optio qui repellendus molestias nisi ad ducimus rem. Nesciunt consequuntur id placeat veritatis ea adipisci.', 2, 'vito.glover');
INSERT INTO `review` (`ReviewID`, `Content`, `Rating`, `ReviewerName`) VALUES (67313890, 'Eos et non mollitia ut minus cupiditate maiores. Exercitationem eos rem sunt. Aspernatur facere ipsum id eaque ea debitis rerum.', 1, 'maribel.rutherford');
INSERT INTO `review` (`ReviewID`, `Content`, `Rating`, `ReviewerName`) VALUES (67315391, 'Iste voluptatum mollitia aut eligendi itaque et. Voluptas et eos quaerat eius excepturi est repellat. Est non commodi sed non ex et est.', 2, 'gshields');
INSERT INTO `review` (`ReviewID`, `Content`, `Rating`, `ReviewerName`) VALUES (67451816, 'Eveniet optio sed facere error odit nobis et earum. Accusantium eveniet molestias quia saepe quod amet. Dolorum atque quis quia natus.', 2, 'corwin.meredith');
INSERT INTO `review` (`ReviewID`, `Content`, `Rating`, `ReviewerName`) VALUES (67474141, 'Reiciendis dolores nihil omnis voluptatum aut maiores sed. Earum repellat quaerat nulla quia unde. Illum voluptatum dolorum et enim. Est porro blanditiis non sequi corporis.', 1, 'hyatt.lee');
INSERT INTO `review` (`ReviewID`, `Content`, `Rating`, `ReviewerName`) VALUES (67494763, 'Facere ut aut reiciendis et adipisci. At et velit voluptatem at autem perspiciatis. Laboriosam assumenda commodi et aliquid quia laboriosam voluptas reprehenderit.', 2, 'bergnaum.arielle');
INSERT INTO `review` (`ReviewID`, `Content`, `Rating`, `ReviewerName`) VALUES (67621396, 'Quibusdam alias eius molestiae. Placeat et voluptas dicta impedit. Dolor neque libero maxime accusantium ipsum distinctio. Quisquam aut perferendis eum.', 3, 'funk.brando');
INSERT INTO `review` (`ReviewID`, `Content`, `Rating`, `ReviewerName`) VALUES (67678405, 'Sed veniam amet quos ratione a laborum. Soluta aut recusandae rerum voluptatum eos optio. Rerum a atque ullam maiores. Atque pariatur culpa ut deserunt culpa inventore eligendi.', 2, 'funk.brando');
INSERT INTO `review` (`ReviewID`, `Content`, `Rating`, `ReviewerName`) VALUES (67681250, 'Et expedita voluptatem ullam non fuga assumenda repellat unde. Nam assumenda laudantium eum laboriosam ea et.', 4, 'miles61');
INSERT INTO `review` (`ReviewID`, `Content`, `Rating`, `ReviewerName`) VALUES (67688422, 'Voluptas sed sed totam inventore quo dolorem minima inventore. Eum accusantium placeat minima fuga suscipit ab ullam modi. Ullam qui dolor reprehenderit ullam. Ullam debitis et eum quos.', 1, 'trogahn');
INSERT INTO `review` (`ReviewID`, `Content`, `Rating`, `ReviewerName`) VALUES (67694789, 'Perferendis voluptas repellat et optio incidunt nulla. Possimus officia accusantium repellendus nulla consequatur. Et molestiae suscipit laboriosam voluptate sunt.', 2, 'sipes.mckenzie');
INSERT INTO `review` (`ReviewID`, `Content`, `Rating`, `ReviewerName`) VALUES (67843390, 'Nemo eveniet nisi exercitationem minima fugiat voluptas. Nam laborum modi numquam rem quo. Maiores ut ut qui consequatur. Ad pariatur et dolores ducimus sunt consequuntur.', 2, 'wilderman.anabelle');
INSERT INTO `review` (`ReviewID`, `Content`, `Rating`, `ReviewerName`) VALUES (67976602, 'Reprehenderit et rerum excepturi occaecati. Dolorem qui quidem reprehenderit exercitationem. Est esse aperiam ea porro possimus laborum aut.', 1, 'brandyn22');
INSERT INTO `review` (`ReviewID`, `Content`, `Rating`, `ReviewerName`) VALUES (68033709, 'Assumenda ipsa illum ut. Ea eum earum veniam. Ut porro maiores illum ut ex et.', 1, 'vkertzmann');
INSERT INTO `review` (`ReviewID`, `Content`, `Rating`, `ReviewerName`) VALUES (68126621, 'Dignissimos saepe rerum ducimus rem dolor voluptas sit. Tempora aut nisi qui sequi et hic. Tempore modi reprehenderit earum sit quas.', 5, 'yoshiko.kassulke');
INSERT INTO `review` (`ReviewID`, `Content`, `Rating`, `ReviewerName`) VALUES (68161264, 'Aut eum saepe ea et nesciunt. Et nihil quam esse corporis eum sunt omnis eos. Commodi non porro repudiandae explicabo necessitatibus velit. Asperiores vel maxime vel unde dicta sint.', 5, 'jerde.jessyca');
INSERT INTO `review` (`ReviewID`, `Content`, `Rating`, `ReviewerName`) VALUES (68303922, 'Itaque esse iure repudiandae modi voluptate nihil consequuntur incidunt. Neque quia perspiciatis sunt harum. Reprehenderit corporis distinctio rerum at sunt ut.', 2, 'mcdermott.afton');
INSERT INTO `review` (`ReviewID`, `Content`, `Rating`, `ReviewerName`) VALUES (68331787, 'Doloremque rerum quasi ut doloribus dolor qui. Nobis accusantium ut qui sunt impedit maiores. Vero vitae dolorum occaecati impedit laudantium dolores consequatur.', 2, 'casper.price');
INSERT INTO `review` (`ReviewID`, `Content`, `Rating`, `ReviewerName`) VALUES (68352939, 'Fugiat et sed quia et. Sequi cupiditate officiis omnis quibusdam. Quaerat molestias molestiae ut praesentium corporis.', 5, 'jeremie86');
INSERT INTO `review` (`ReviewID`, `Content`, `Rating`, `ReviewerName`) VALUES (68637464, 'Maxime corporis et sunt in porro est. Inventore recusandae ipsa quidem libero distinctio nisi explicabo. Id sequi officiis debitis ut consectetur eligendi nulla. Fugit dolor ut iure iure aliquam.', 2, 'mazie90');
INSERT INTO `review` (`ReviewID`, `Content`, `Rating`, `ReviewerName`) VALUES (68673690, 'Delectus impedit aliquid impedit ex beatae et. Molestiae qui quo modi explicabo. Quo maxime optio nostrum nostrum commodi esse et. Alias et aut suscipit eum voluptatem adipisci dolore.', 5, 'wolff.morris');
INSERT INTO `review` (`ReviewID`, `Content`, `Rating`, `ReviewerName`) VALUES (68673885, 'Sed voluptatem adipisci totam aliquid. Amet quasi aperiam illo sunt nesciunt qui. Reprehenderit expedita quia maiores quia.', 4, 'bernardo76');
INSERT INTO `review` (`ReviewID`, `Content`, `Rating`, `ReviewerName`) VALUES (69085412, 'Quia dolorem dolores fugiat deleniti ut. Voluptate aut dolor est quod consequuntur.\nAut voluptates nostrum dolor deleniti at qui ipsam. Eaque rerum aspernatur et. Vel nulla accusamus amet ipsam aut.', 1, 'joany63');
INSERT INTO `review` (`ReviewID`, `Content`, `Rating`, `ReviewerName`) VALUES (69254946, 'Animi distinctio ipsam qui dicta. Minus corporis minima tenetur repellat nobis tenetur.', 3, 'funk.brando');
INSERT INTO `review` (`ReviewID`, `Content`, `Rating`, `ReviewerName`) VALUES (69442400, 'Et doloribus et similique. Voluptatibus occaecati aut nihil et repellat. Reprehenderit eum hic nobis dolor.', 5, 'ujohnston');
INSERT INTO `review` (`ReviewID`, `Content`, `Rating`, `ReviewerName`) VALUES (69494518, 'Voluptate tempore in accusantium. Veniam facilis sint cupiditate numquam. Omnis explicabo quos et nisi et est.', 2, 'macy.parisian');
INSERT INTO `review` (`ReviewID`, `Content`, `Rating`, `ReviewerName`) VALUES (69502900, 'Id est mollitia corporis quia minima non rerum quo. Doloremque id rerum consequuntur quae placeat quo.', 4, 'miles61');
INSERT INTO `review` (`ReviewID`, `Content`, `Rating`, `ReviewerName`) VALUES (69503008, 'Aut corporis eius eius aspernatur debitis aspernatur delectus eos. Doloremque illo debitis enim recusandae delectus nesciunt tenetur. Velit aut ab reiciendis porro.', 1, 'bernardo76');
INSERT INTO `review` (`ReviewID`, `Content`, `Rating`, `ReviewerName`) VALUES (69509809, 'Velit est distinctio pariatur vel eius laboriosam. Ut omnis alias sapiente minima inventore nemo. Soluta adipisci unde quo omnis porro est minus. Modi magni ipsum dolorem cupiditate ea nihil dolorem.', 5, 'franco.corwin');
INSERT INTO `review` (`ReviewID`, `Content`, `Rating`, `ReviewerName`) VALUES (69672100, 'Sed exercitationem natus ex repudiandae dignissimos voluptatem vel ut. Officiis fugit totam aut sed dolorum. Quis perspiciatis eos dignissimos omnis libero. Minima ut impedit esse voluptates cum.', 2, 'ayana24');
INSERT INTO `review` (`ReviewID`, `Content`, `Rating`, `ReviewerName`) VALUES (69687269, 'Ea aut est non et. Velit distinctio est quia distinctio sunt itaque deserunt laborum. Qui eum odit occaecati consequatur sit exercitationem. Aperiam enim maiores fuga dolores nesciunt qui tempora.', 5, 'ellen.murray');
INSERT INTO `review` (`ReviewID`, `Content`, `Rating`, `ReviewerName`) VALUES (69736141, 'Dolor ut assumenda molestiae aut rerum. Laborum alias consectetur molestiae in in. Blanditiis nesciunt quo veritatis velit cum id et. Pariatur aut quia ex quo ipsam.', 2, 'bergnaum.arielle');
INSERT INTO `review` (`ReviewID`, `Content`, `Rating`, `ReviewerName`) VALUES (70073401, 'Non molestiae magnam quia saepe cum voluptas ullam. Ut nam eum perferendis consequatur impedit. Incidunt at aut ut excepturi.', 3, 'phessel');
INSERT INTO `review` (`ReviewID`, `Content`, `Rating`, `ReviewerName`) VALUES (70212982, 'Maxime doloremque dolores quas quo deleniti odio dolorem. Sapiente doloremque voluptates nihil eius. Qui veniam ullam dolores quia expedita enim blanditiis.', 3, 'myah48');
INSERT INTO `review` (`ReviewID`, `Content`, `Rating`, `ReviewerName`) VALUES (70285410, 'Vitae dolor omnis in vero. Sed vitae est vel tempore quia voluptatum quos.', 5, 'davion.kub');
INSERT INTO `review` (`ReviewID`, `Content`, `Rating`, `ReviewerName`) VALUES (70291672, 'Sequi eveniet cumque quaerat voluptates eaque. Deleniti quasi alias cupiditate possimus. Eius in porro in aut atque ex. Sunt illum qui veritatis facilis sunt aut corporis et.', 1, 'uhowell');
INSERT INTO `review` (`ReviewID`, `Content`, `Rating`, `ReviewerName`) VALUES (70328942, 'Numquam vel recusandae voluptas sed. Est quisquam a placeat laudantium eos consequatur quas. Molestiae sunt consequuntur hic quasi natus omnis.', 2, 'isobel.lakin');
INSERT INTO `review` (`ReviewID`, `Content`, `Rating`, `ReviewerName`) VALUES (70332182, 'Pariatur quidem quo quis et consequuntur blanditiis consequatur ut. Sint aliquid numquam sequi sit sint deleniti suscipit. Aut numquam nobis nam explicabo et et voluptas.', 5, 'maribel.rutherford');
INSERT INTO `review` (`ReviewID`, `Content`, `Rating`, `ReviewerName`) VALUES (70387190, 'Accusantium sit officiis error deserunt dicta. Corrupti natus id soluta id quod. Accusamus officiis dolor odit nisi facilis. Quasi minima at et facere eum minima corrupti.', 2, 'beahan.troy');
INSERT INTO `review` (`ReviewID`, `Content`, `Rating`, `ReviewerName`) VALUES (70410489, 'Maxime eveniet eveniet repudiandae sit. Mollitia dolor qui voluptas aspernatur. Autem placeat dicta et necessitatibus doloribus nisi.', 4, 'jeremie86');
INSERT INTO `review` (`ReviewID`, `Content`, `Rating`, `ReviewerName`) VALUES (70414628, 'Sint qui quasi et rem iste. Aut non quod laboriosam. Temporibus enim quo aut iusto reprehenderit vel. Quia aut quia quis cumque inventore harum.', 4, 'bergnaum.arielle');
INSERT INTO `review` (`ReviewID`, `Content`, `Rating`, `ReviewerName`) VALUES (70486231, 'Omnis nemo architecto consequuntur culpa ullam assumenda soluta. Eaque aut reiciendis et explicabo quam. Sint pariatur ut reprehenderit id rerum.', 3, 'mariela53');
INSERT INTO `review` (`ReviewID`, `Content`, `Rating`, `ReviewerName`) VALUES (70721103, 'Laboriosam id voluptatum provident repudiandae modi ullam qui eligendi. A qui accusantium eaque expedita ut. Labore praesentium sed reiciendis ipsa.', 4, 'rasheed.gusikowski');
INSERT INTO `review` (`ReviewID`, `Content`, `Rating`, `ReviewerName`) VALUES (70869135, 'Est officia id qui est et rerum nobis. Sint totam est quae perferendis totam ullam. Dolor ut sint est reiciendis distinctio quisquam illum.', 5, 'wilderman.anabelle');
INSERT INTO `review` (`ReviewID`, `Content`, `Rating`, `ReviewerName`) VALUES (70966653, 'Repellat minus eum iure ea. At qui hic vero architecto. Ex quo ab aut labore ducimus in.', 2, 'johanna.barton');
INSERT INTO `review` (`ReviewID`, `Content`, `Rating`, `ReviewerName`) VALUES (71006542, 'Eligendi eaque amet fugit quo sed. Dignissimos quia aut consequatur similique. Reprehenderit laboriosam cum et exercitationem officiis.', 5, 'annalise85');
INSERT INTO `review` (`ReviewID`, `Content`, `Rating`, `ReviewerName`) VALUES (71028140, 'Esse at illum tenetur molestias. Optio saepe dolores voluptatem qui. Dolor repudiandae qui molestiae assumenda incidunt.\nIn ab molestiae quis. Ut impedit et facere fugit non odit.', 5, 'yvon');
INSERT INTO `review` (`ReviewID`, `Content`, `Rating`, `ReviewerName`) VALUES (71032966, 'Aut quasi aut harum aut aliquam nihil. Eligendi et dolore enim doloribus architecto adipisci aspernatur. Sit et hic facilis sequi nobis omnis enim. Accusamus quo ea voluptas sapiente cum officia.', 5, 'hyatt.lee');
INSERT INTO `review` (`ReviewID`, `Content`, `Rating`, `ReviewerName`) VALUES (71063180, 'Consectetur non et quis illum eaque voluptas et. Dicta occaecati praesentium maxime rem illo consequatur. Ut magnam facere molestiae dicta facere vel officia.', 1, 'schulist.cruz');
INSERT INTO `review` (`ReviewID`, `Content`, `Rating`, `ReviewerName`) VALUES (71076552, 'Aut fuga unde sed amet quae. Sed ipsa et aspernatur dignissimos beatae voluptatem vero. Quidem delectus et esse laudantium pariatur dolorum optio voluptates.', 2, 'elliott.kris');
INSERT INTO `review` (`ReviewID`, `Content`, `Rating`, `ReviewerName`) VALUES (71132911, 'Illo fugit ea sunt ut quis aut necessitatibus. Quia quae qui ea rerum maxime. Quasi sunt voluptatem ea quia iure non in.', 2, 'uframi');
INSERT INTO `review` (`ReviewID`, `Content`, `Rating`, `ReviewerName`) VALUES (71205372, 'Enim error sunt omnis sit. In repellat omnis aut quia ipsa. Quidem omnis dignissimos quo molestiae similique et aliquam nulla. Enim exercitationem est tempora ab ea exercitationem itaque.', 4, 'letha.daniel');
INSERT INTO `review` (`ReviewID`, `Content`, `Rating`, `ReviewerName`) VALUES (71267797, 'Dolorem aut reiciendis sint inventore qui reiciendis quia. At et rem velit non aut. Accusantium adipisci sint porro expedita quia voluptatem excepturi.', 4, 'phessel');
INSERT INTO `review` (`ReviewID`, `Content`, `Rating`, `ReviewerName`) VALUES (71290253, 'Adipisci at illo ut est. Quia aut impedit quaerat temporibus. Assumenda sapiente nostrum qui accusantium rem.', 5, 'bergnaum.arielle');
INSERT INTO `review` (`ReviewID`, `Content`, `Rating`, `ReviewerName`) VALUES (71305882, 'Nesciunt ipsum soluta beatae. Vero et sint odit corrupti.', 4, 'phessel');
INSERT INTO `review` (`ReviewID`, `Content`, `Rating`, `ReviewerName`) VALUES (71315214, 'Voluptas dicta modi non ducimus et accusantium cumque. Tempore iure quae a nemo praesentium nesciunt incidunt sint. Delectus voluptas hic voluptatum. Molestiae mollitia facere voluptates.', 5, 'ephraim39');
INSERT INTO `review` (`ReviewID`, `Content`, `Rating`, `ReviewerName`) VALUES (71348431, 'Molestiae sequi cumque ipsa est. Officiis consequuntur assumenda est. Sit dolorem blanditiis et perferendis nihil nihil necessitatibus.', 5, 'otillman');
INSERT INTO `review` (`ReviewID`, `Content`, `Rating`, `ReviewerName`) VALUES (71536762, 'Inventore fugiat quia facere voluptatem similique ut. Ipsa ipsa magnam quis quibusdam deserunt aliquid.', 3, 'corene22');
INSERT INTO `review` (`ReviewID`, `Content`, `Rating`, `ReviewerName`) VALUES (71551640, 'Perferendis natus sed repellat consectetur unde est officia eaque. Repudiandae illo a inventore voluptatem laborum. Repellat reiciendis et voluptas. Quia ut dignissimos necessitatibus.', 3, 'sebastian65');
INSERT INTO `review` (`ReviewID`, `Content`, `Rating`, `ReviewerName`) VALUES (71595033, 'Aut impedit omnis necessitatibus quae sed molestiae tempore. Voluptatibus et dignissimos quisquam eum consequuntur doloremque repellat sapiente. Quis provident et eveniet eos adipisci quia.', 2, 'tjohns');
INSERT INTO `review` (`ReviewID`, `Content`, `Rating`, `ReviewerName`) VALUES (71729900, 'Quis quibusdam maiores cumque sint reprehenderit ipsa. Eos in similique incidunt culpa vel unde ea. Qui sed voluptate nostrum quia sunt debitis. Voluptatem non ut quod iste quia.', 4, 'manuel90');
INSERT INTO `review` (`ReviewID`, `Content`, `Rating`, `ReviewerName`) VALUES (71762430, 'Quasi aut tenetur sunt velit ratione sed at. Eos nam nisi magni totam deserunt. Perferendis dolorem dolores aliquid qui esse.', 2, 'deven76');
INSERT INTO `review` (`ReviewID`, `Content`, `Rating`, `ReviewerName`) VALUES (71790851, 'Ab autem quisquam doloribus doloremque vel molestias. Et quibusdam tempore et officiis. Consequuntur facere sed neque amet doloribus. Voluptatem voluptas et omnis dolorem fugit.', 1, 'wilderman.anabelle');
INSERT INTO `review` (`ReviewID`, `Content`, `Rating`, `ReviewerName`) VALUES (71877288, 'Delectus repudiandae et nobis unde ut quasi sit. Nostrum incidunt aut inventore sed. Et aperiam ut voluptatibus libero optio aut.', 1, 'wiza.damian');
INSERT INTO `review` (`ReviewID`, `Content`, `Rating`, `ReviewerName`) VALUES (72066445, 'Consequatur odio iusto labore laboriosam sed voluptatem. Aut labore esse laborum et. Vel eos enim ex impedit.', 3, 'mcdermott.afton');
INSERT INTO `review` (`ReviewID`, `Content`, `Rating`, `ReviewerName`) VALUES (72133836, 'Quo ratione dolores ut sint laborum asperiores iste. Perferendis et rem et expedita quo facere. Consectetur accusamus aut rerum exercitationem. Quia omnis et autem et occaecati.', 5, 'christina.jacobson');
INSERT INTO `review` (`ReviewID`, `Content`, `Rating`, `ReviewerName`) VALUES (72260510, 'Molestias repellendus qui accusantium ab. Earum praesentium sint aliquam odio temporibus. Ipsa officiis rerum assumenda quae aspernatur debitis debitis.', 1, 'elliott.kris');
INSERT INTO `review` (`ReviewID`, `Content`, `Rating`, `ReviewerName`) VALUES (72271882, 'Aut sit et aliquam. Quam non qui eaque deleniti. Ab corporis eligendi ducimus. Vel commodi rerum quam.', 1, 'kovacek.jessika');
INSERT INTO `review` (`ReviewID`, `Content`, `Rating`, `ReviewerName`) VALUES (72436986, 'Eveniet ut ut nulla sint. Officia eaque vitae et nisi nemo esse. Nostrum veritatis sed ut facilis. Libero corrupti officia dolorum laborum commodi non totam.', 4, 'tzulauf');
INSERT INTO `review` (`ReviewID`, `Content`, `Rating`, `ReviewerName`) VALUES (72452358, 'Et sed aliquam dolores dolorum eaque. Dolore iste fugiat eum qui ullam ratione. Est aspernatur occaecati est ab sit est.', 4, 'ahammes');
INSERT INTO `review` (`ReviewID`, `Content`, `Rating`, `ReviewerName`) VALUES (72473038, 'Sint suscipit est magnam eum. Quaerat sed et ab explicabo. Molestias omnis neque ab accusamus ipsam.', 2, 'otillman');
INSERT INTO `review` (`ReviewID`, `Content`, `Rating`, `ReviewerName`) VALUES (72605627, 'Maiores ea dicta beatae quo suscipit ut cupiditate. Aspernatur eius dicta expedita. Quis earum eos ea quis. Quis amet ut autem et et consequatur.', 5, 'orlo.hills');
INSERT INTO `review` (`ReviewID`, `Content`, `Rating`, `ReviewerName`) VALUES (72892148, 'Aut qui vero qui. Odio dolor sit neque fugit voluptatem numquam vel. Id et aut aspernatur mollitia eum sapiente. Inventore repellendus delectus error qui minus.', 1, 'brandyn22');
INSERT INTO `review` (`ReviewID`, `Content`, `Rating`, `ReviewerName`) VALUES (72989979, 'Optio voluptatem aut eligendi saepe id qui distinctio. Et reiciendis temporibus illo. Aut officiis sapiente dolor non asperiores. Modi voluptatibus eum itaque maiores non sed perferendis aut.', 3, 'trogahn');
INSERT INTO `review` (`ReviewID`, `Content`, `Rating`, `ReviewerName`) VALUES (73026623, 'Autem explicabo eaque ex qui ducimus repellat quis. Aliquid quas voluptas dolores. Odio maiores quaerat blanditiis laudantium. Natus cupiditate placeat aut alias assumenda quam.', 3, 'schulist.cruz');
INSERT INTO `review` (`ReviewID`, `Content`, `Rating`, `ReviewerName`) VALUES (73539416, 'Sit optio enim nam et ut pariatur eos dignissimos. Quia vel illum recusandae eius.\nVel eligendi perspiciatis recusandae et possimus sapiente id. Totam molestiae minima molestiae et.', 2, 'annalise85');
INSERT INTO `review` (`ReviewID`, `Content`, `Rating`, `ReviewerName`) VALUES (73621471, 'Esse provident maxime officiis quia et unde. Tempore rerum saepe praesentium totam doloribus odit. Quia fuga natus neque architecto blanditiis quidem.', 3, 'abbott.emery');
INSERT INTO `review` (`ReviewID`, `Content`, `Rating`, `ReviewerName`) VALUES (73652313, 'Commodi at vero nulla nesciunt. Qui id impedit expedita aperiam voluptatem. Eos unde sunt voluptas.', 5, 'deven76');
INSERT INTO `review` (`ReviewID`, `Content`, `Rating`, `ReviewerName`) VALUES (73703756, 'Libero doloremque et minima earum harum nam quaerat quos. Qui fugit sed sed porro nesciunt sit. Vel et sit fugit recusandae beatae et itaque.', 3, 'homenick.nina');
INSERT INTO `review` (`ReviewID`, `Content`, `Rating`, `ReviewerName`) VALUES (73773788, 'Omnis sunt animi aut in. Sunt labore sint et corporis et voluptatem vel eum. Suscipit dolorem excepturi quia sed sapiente. Nisi ut rerum ex.', 4, 'wiza.damian');
INSERT INTO `review` (`ReviewID`, `Content`, `Rating`, `ReviewerName`) VALUES (73957058, 'Et impedit soluta est. Earum aut et et rerum deleniti officia quia. Sint possimus commodi eius architecto ut ut. Eum reprehenderit quis quos ducimus odit.', 4, 'brock99');
INSERT INTO `review` (`ReviewID`, `Content`, `Rating`, `ReviewerName`) VALUES (74022480, 'Tempore ut accusantium id. Natus sit repudiandae beatae soluta aperiam accusantium animi. Excepturi molestiae recusandae asperiores placeat. Aut nobis eos nam totam cum itaque.', 2, 'homenick.nina');
INSERT INTO `review` (`ReviewID`, `Content`, `Rating`, `ReviewerName`) VALUES (74055678, 'Quo dignissimos autem sed quia. Quae voluptatum nihil id ducimus sed. Tempore commodi voluptatem sed consectetur est.', 2, 'corene22');
INSERT INTO `review` (`ReviewID`, `Content`, `Rating`, `ReviewerName`) VALUES (74195187, 'Perferendis quia cumque qui nostrum eos. Ea omnis atque minima similique porro quia. Vero dignissimos excepturi ex dicta quia quos.', 4, 'yost.laurel');
INSERT INTO `review` (`ReviewID`, `Content`, `Rating`, `ReviewerName`) VALUES (74494172, 'Nihil consectetur eum optio aut ab. Quia velit mollitia officia explicabo deleniti numquam maxime. Porro impedit et reiciendis natus et labore. Quae itaque dolores eum molestiae quia fuga.', 2, 'shills');
INSERT INTO `review` (`ReviewID`, `Content`, `Rating`, `ReviewerName`) VALUES (74504679, 'Qui autem dolorum tempore numquam. Quibusdam quasi aut sint atque. Sed aut voluptatibus earum accusantium totam et. Ut iure maiores nam repellat voluptatem pariatur.', 5, 'ephraim39');
INSERT INTO `review` (`ReviewID`, `Content`, `Rating`, `ReviewerName`) VALUES (74580031, 'Sed animi id dolore et saepe at doloremque. Optio quaerat quae error culpa corrupti. Veritatis accusantium consectetur molestiae et expedita consectetur enim distinctio.', 2, 'erich32');
INSERT INTO `review` (`ReviewID`, `Content`, `Rating`, `ReviewerName`) VALUES (74887639, 'Facilis omnis libero iusto quo explicabo. Repellat asperiores error dignissimos ex rerum ducimus velit. Ut et tenetur enim enim.', 4, 'trantow.watson');
INSERT INTO `review` (`ReviewID`, `Content`, `Rating`, `ReviewerName`) VALUES (74990545, 'Autem aut numquam voluptatem veniam illum eius eos aut. Laudantium consequatur cumque fugit veritatis ut commodi neque natus. Dolor voluptas debitis error veritatis id consectetur.', 5, 'mariela53');
INSERT INTO `review` (`ReviewID`, `Content`, `Rating`, `ReviewerName`) VALUES (75015193, 'Error quo quibusdam ipsam cum suscipit. Eligendi atque quis odio perferendis doloremque eveniet minima. Iusto sequi quae quisquam totam quia laudantium deserunt. Numquam autem ratione doloremque.', 3, 'fleta75');
INSERT INTO `review` (`ReviewID`, `Content`, `Rating`, `ReviewerName`) VALUES (75028370, 'Sint impedit voluptatem nihil ullam. Corrupti et qui sit. Enim error corporis rerum sunt minus ratione itaque. In omnis voluptas unde maiores.', 2, 'otillman');
INSERT INTO `review` (`ReviewID`, `Content`, `Rating`, `ReviewerName`) VALUES (75065242, 'Facilis hic dolores nulla accusamus iusto. Earum maxime ipsum eos nam neque ducimus tenetur. Soluta est culpa consectetur dolor incidunt iure dolores. Suscipit quis soluta voluptatem sunt id.', 3, 'hparisian');
INSERT INTO `review` (`ReviewID`, `Content`, `Rating`, `ReviewerName`) VALUES (75456059, 'Sed vitae nulla et. Sunt quia ut aperiam commodi. Rerum rerum cupiditate atque quos.\nReiciendis rerum qui tenetur delectus ipsum non. Eum qui praesentium ab dolore itaque.', 2, 'ottis18');
INSERT INTO `review` (`ReviewID`, `Content`, `Rating`, `ReviewerName`) VALUES (75567870, 'Ipsa et quisquam et et excepturi culpa aut. Amet ex quaerat corrupti et dolor. Cupiditate dolorum sequi eos aut qui consequatur temporibus repudiandae.', 3, 'd\'angelo25');
INSERT INTO `review` (`ReviewID`, `Content`, `Rating`, `ReviewerName`) VALUES (75583000, 'Excepturi necessitatibus itaque voluptas velit et. Eligendi aut fugit similique nihil cumque dolor eum quia. Aut porro dolores quas dolor.', 2, 'darron29');
INSERT INTO `review` (`ReviewID`, `Content`, `Rating`, `ReviewerName`) VALUES (75633687, 'Sed pariatur quos labore voluptates asperiores. Corrupti maxime occaecati necessitatibus aut. Natus sed et in facilis odit voluptatem quos. Animi aut minima aliquam nobis animi.', 5, 'rory15');
INSERT INTO `review` (`ReviewID`, `Content`, `Rating`, `ReviewerName`) VALUES (75695008, 'Asperiores et ut sunt laboriosam. Rerum distinctio nisi ratione similique et ullam expedita. Omnis dolorem cum cum quia recusandae. Soluta quia illo facilis ut assumenda nesciunt numquam.', 5, 'wilderman.anabelle');
INSERT INTO `review` (`ReviewID`, `Content`, `Rating`, `ReviewerName`) VALUES (75826639, 'Velit nisi reprehenderit molestiae possimus. Saepe ea voluptatem atque ducimus expedita esse blanditiis. Perferendis enim amet neque amet dolorem.', 5, 'sipes.mckenzie');
INSERT INTO `review` (`ReviewID`, `Content`, `Rating`, `ReviewerName`) VALUES (75860935, 'Nisi mollitia quibusdam consequatur. Esse sed animi soluta. Similique distinctio minima atque quasi. Excepturi temporibus quis id est corrupti ex optio.', 2, 'bergnaum.arielle');
INSERT INTO `review` (`ReviewID`, `Content`, `Rating`, `ReviewerName`) VALUES (75871237, 'Aut omnis blanditiis cupiditate saepe. Laborum eos voluptas sit ut. Dicta expedita qui molestiae autem. Amet ut ut velit quia. Natus beatae qui molestias sunt nesciunt blanditiis.', 3, 'elliott.kris');
INSERT INTO `review` (`ReviewID`, `Content`, `Rating`, `ReviewerName`) VALUES (75909893, 'Et deleniti ipsa ullam sed pariatur eligendi est. Aut eaque dolor laboriosam totam occaecati provident. Voluptas pariatur cumque officia et sed repellendus.', 5, 'astreich');
INSERT INTO `review` (`ReviewID`, `Content`, `Rating`, `ReviewerName`) VALUES (75958943, 'Rerum nemo ut quam earum nostrum ut. Quis et voluptatem eius sed architecto. Dicta eaque commodi eligendi suscipit nostrum minus et. Natus consequatur ipsa nihil dolorem.', 2, 'mazie90');
INSERT INTO `review` (`ReviewID`, `Content`, `Rating`, `ReviewerName`) VALUES (76151959, 'Deserunt ea consequatur rerum consequatur. Explicabo repellat omnis debitis dolore. Voluptas delectus nihil illo iusto. Voluptas aspernatur tempora numquam vel.', 1, 'wolff.morris');
INSERT INTO `review` (`ReviewID`, `Content`, `Rating`, `ReviewerName`) VALUES (76354315, 'Debitis in dolores quis quos. Debitis quaerat ullam dolor eius eos. Esse consequatur vitae dolorum non aperiam omnis. Quo facilis temporibus a est labore.', 5, 'tjohns');
INSERT INTO `review` (`ReviewID`, `Content`, `Rating`, `ReviewerName`) VALUES (76402192, 'Dolorem inventore natus velit atque ut. Aut iure delectus nesciunt rerum. Facere eum ut consectetur sint provident.', 5, 'bogisich.abe');
INSERT INTO `review` (`ReviewID`, `Content`, `Rating`, `ReviewerName`) VALUES (76427789, 'Illo nihil placeat et corporis et. Ratione et enim delectus aliquam in. Rerum sed et repellendus expedita reiciendis. Eius ut sint sed dolorem natus.', 3, 'otillman');
INSERT INTO `review` (`ReviewID`, `Content`, `Rating`, `ReviewerName`) VALUES (76429091, 'Nihil modi ipsum animi pariatur nobis. Autem et nihil reprehenderit quia et sed consequatur. Id omnis hic omnis optio eveniet. Eum repellat qui provident unde dignissimos.', 5, 'ayana24');
INSERT INTO `review` (`ReviewID`, `Content`, `Rating`, `ReviewerName`) VALUES (76444169, 'Quod voluptatem possimus similique consequatur veniam numquam aut. Dolore possimus quidem quas ut saepe facere. Neque est et mollitia dolorem esse.', 2, 'annalise85');
INSERT INTO `review` (`ReviewID`, `Content`, `Rating`, `ReviewerName`) VALUES (76495385, 'Provident veniam quis adipisci saepe tempore. Consequatur sint illum sequi earum odio. Vitae amet dolores quo voluptas cumque ipsam.', 1, 'cristina.thiel');
INSERT INTO `review` (`ReviewID`, `Content`, `Rating`, `ReviewerName`) VALUES (76599672, 'Dolorum minima quisquam rem est soluta exercitationem voluptatibus. Ut ea accusamus qui fugiat quo consectetur. Consectetur qui totam optio animi ut ut.', 3, 'abbott.emery');
INSERT INTO `review` (`ReviewID`, `Content`, `Rating`, `ReviewerName`) VALUES (76609061, 'Et dignissimos explicabo itaque necessitatibus. Ipsa quasi voluptatem accusantium possimus enim. Pariatur nesciunt quia adipisci voluptatum repellendus quos distinctio.', 5, 'ohuel');
INSERT INTO `review` (`ReviewID`, `Content`, `Rating`, `ReviewerName`) VALUES (76679718, 'Blanditiis rerum vero doloribus. Pariatur dolor veritatis cum vitae impedit aut. Et illum et reiciendis quidem nemo sed. Doloremque doloremque ratione quis dolorem totam dolor error minus.', 5, 'funk.brando');
INSERT INTO `review` (`ReviewID`, `Content`, `Rating`, `ReviewerName`) VALUES (76702526, 'Ut quam nam consequuntur provident. Id rerum aut consequatur enim numquam ab. A voluptates necessitatibus vel non soluta quos.', 4, 'schulist.cruz');
INSERT INTO `review` (`ReviewID`, `Content`, `Rating`, `ReviewerName`) VALUES (76772060, 'Enim ut voluptas similique nulla. Voluptate voluptates nobis omnis iure dolores quos expedita. Ipsa nihil voluptatem non iusto est. Non nihil odio eligendi iure non vitae reiciendis.', 1, 'lgreenfelder');
INSERT INTO `review` (`ReviewID`, `Content`, `Rating`, `ReviewerName`) VALUES (76775312, 'Et consequatur odio assumenda dolore. Consequatur veniam et iusto exercitationem. Blanditiis sit sint doloribus iusto distinctio.', 3, 'lucile.prosacco');
INSERT INTO `review` (`ReviewID`, `Content`, `Rating`, `ReviewerName`) VALUES (76796720, 'Accusantium ut eum officiis autem. Aut quia laborum odio ab consequatur ut sunt. Et ea at autem atque consequuntur quisquam est dolores. Soluta libero labore aliquid laborum nulla cumque.', 2, 'elliott.kris');
INSERT INTO `review` (`ReviewID`, `Content`, `Rating`, `ReviewerName`) VALUES (76985890, 'Qui placeat at ipsum eius repellendus. Numquam mollitia nostrum ratione animi fugiat corrupti. Eveniet qui deserunt magnam. Earum aspernatur velit non consequatur iste dolorem id.', 3, 'rasheed.gusikowski');
INSERT INTO `review` (`ReviewID`, `Content`, `Rating`, `ReviewerName`) VALUES (77139943, 'Esse fuga ab qui aut sunt. Sapiente odio et vitae qui ratione a. Qui eos dolorem provident consequatur qui. Et voluptatibus ut eum et quibusdam.', 5, 'collins.junius');
INSERT INTO `review` (`ReviewID`, `Content`, `Rating`, `ReviewerName`) VALUES (77220983, 'Non quia quo vel non. Voluptatem adipisci doloribus illo iste. Atque quo dolores esse.', 3, 'yoshiko.kassulke');
INSERT INTO `review` (`ReviewID`, `Content`, `Rating`, `ReviewerName`) VALUES (77359604, 'Quia dolor autem qui cum doloribus et. Placeat quam modi repellendus quidem in vitae.', 2, 'ayana24');
INSERT INTO `review` (`ReviewID`, `Content`, `Rating`, `ReviewerName`) VALUES (77460141, 'Numquam sunt laboriosam pariatur beatae aut non. Et voluptatem repudiandae eaque placeat et culpa. Magni qui harum expedita sequi.', 5, 'rory15');
INSERT INTO `review` (`ReviewID`, `Content`, `Rating`, `ReviewerName`) VALUES (77528866, 'Esse temporibus et ad magni. Doloribus omnis adipisci aut provident et voluptatem. Quo sint sequi totam dolores magni. Molestias incidunt molestias omnis id molestiae officia velit.', 5, 'marlen41');
INSERT INTO `review` (`ReviewID`, `Content`, `Rating`, `ReviewerName`) VALUES (77566992, 'At debitis eius suscipit voluptatem qui et. Quia debitis nemo iure qui dolorum. Ut temporibus culpa quod et. Nulla aspernatur velit sint sint facere amet.', 3, 'otillman');
INSERT INTO `review` (`ReviewID`, `Content`, `Rating`, `ReviewerName`) VALUES (77817743, 'Ut velit sint est aliquam voluptatem. Minima earum et odit ipsa qui esse facere. Saepe quo sunt et debitis et nam. Pariatur fugit eaque accusamus.', 4, 'mohammad59');
INSERT INTO `review` (`ReviewID`, `Content`, `Rating`, `ReviewerName`) VALUES (77828612, 'Omnis veniam aut ut hic nulla facere. Odio corporis ut qui officiis velit autem. Consequatur culpa rerum nesciunt omnis quos adipisci. Beatae qui incidunt dolores porro autem aut.', 2, 'mwitting');
INSERT INTO `review` (`ReviewID`, `Content`, `Rating`, `ReviewerName`) VALUES (78081320, 'Omnis voluptas voluptatum omnis ut. Rerum odit ipsam quas enim porro facilis.', 4, 'hyatt.lee');
INSERT INTO `review` (`ReviewID`, `Content`, `Rating`, `ReviewerName`) VALUES (78107230, 'Et excepturi adipisci quos eum rerum id. Maiores beatae totam accusamus alias ut dolores. Assumenda porro commodi ullam blanditiis. Qui quae sit eligendi delectus dignissimos fuga odit eos.', 1, 'astreich');
INSERT INTO `review` (`ReviewID`, `Content`, `Rating`, `ReviewerName`) VALUES (78186301, 'Ut doloribus et voluptatibus quos. Hic rerum dignissimos repellendus. Reiciendis at magni doloremque doloremque eos temporibus.', 1, 'isobel.lakin');
INSERT INTO `review` (`ReviewID`, `Content`, `Rating`, `ReviewerName`) VALUES (78394867, 'Ea dolore consequuntur qui aliquid. Consectetur repudiandae ut quos. Exercitationem asperiores accusantium a animi cumque. Iusto quasi et qui et. Suscipit dolorum velit et magnam nam in.', 5, 'wiza.damian');
INSERT INTO `review` (`ReviewID`, `Content`, `Rating`, `ReviewerName`) VALUES (78467422, 'Natus eos ratione sit corrupti. Aliquam ipsum blanditiis fugiat numquam impedit qui dolorem ullam. Hic non sunt sint amet culpa eaque.', 5, 'rasheed.gusikowski');
INSERT INTO `review` (`ReviewID`, `Content`, `Rating`, `ReviewerName`) VALUES (78483091, 'Minus et consequuntur recusandae qui ad. Rerum alias reiciendis velit officia. Numquam nemo sit laudantium qui maxime.', 4, 'qmonahan');
INSERT INTO `review` (`ReviewID`, `Content`, `Rating`, `ReviewerName`) VALUES (78622743, 'Dolorum qui non laudantium possimus aliquid. Sunt debitis non repellat quia quo et aut sapiente. Sapiente consequatur minus aliquam commodi in laboriosam.', 2, 'tjohns');
INSERT INTO `review` (`ReviewID`, `Content`, `Rating`, `ReviewerName`) VALUES (78691254, 'Voluptatem recusandae sapiente facere et unde molestias aperiam. Id dolorum veniam delectus corporis natus eum iste ea. Aliquam in accusamus et. Occaecati esse sunt consequuntur facere natus qui aut.', 3, 'sebastian65');
INSERT INTO `review` (`ReviewID`, `Content`, `Rating`, `ReviewerName`) VALUES (78936349, 'Aperiam tempora repellendus eligendi ut dicta occaecati praesentium ipsam. Atque sit provident doloribus et.', 5, 'mariela53');
INSERT INTO `review` (`ReviewID`, `Content`, `Rating`, `ReviewerName`) VALUES (79025655, 'Fugiat et rerum et nesciunt recusandae est totam. Quas magnam molestiae quia aliquam accusamus aspernatur vitae. Dolor ipsam voluptate aut nemo voluptatibus molestiae at et.', 1, 'jerde.jessyca');
INSERT INTO `review` (`ReviewID`, `Content`, `Rating`, `ReviewerName`) VALUES (79094100, 'Dolor impedit reprehenderit ad totam modi perferendis. Quia nulla harum eos rerum rerum cumque. Quaerat et voluptas ratione non.', 4, 'ellen.murray');
INSERT INTO `review` (`ReviewID`, `Content`, `Rating`, `ReviewerName`) VALUES (79102512, 'Natus enim et adipisci ut at. Est culpa omnis vel earum ducimus alias et. Reprehenderit perspiciatis ea et omnis cumque corrupti qui.', 4, 'macy.parisian');
INSERT INTO `review` (`ReviewID`, `Content`, `Rating`, `ReviewerName`) VALUES (79153695, 'Maxime ex quo omnis commodi. Magnam deserunt et ipsum repudiandae et laborum dignissimos. Delectus ratione sit iure rerum nisi tempore qui. Possimus et ab et vel porro.', 1, 'kovacek.jessika');
INSERT INTO `review` (`ReviewID`, `Content`, `Rating`, `ReviewerName`) VALUES (79243303, 'Ut modi autem sit consequuntur eum. Laboriosam quaerat assumenda facere in. Dignissimos exercitationem expedita sunt beatae esse.', 4, 'mwitting');
INSERT INTO `review` (`ReviewID`, `Content`, `Rating`, `ReviewerName`) VALUES (79250082, 'Dolores recusandae dolorem eaque. Non doloribus laudantium officiis nobis molestiae quia. Velit quidem qui sint sunt explicabo eum. Autem rerum error in natus possimus ratione sit reiciendis.', 1, 'uhowell');
INSERT INTO `review` (`ReviewID`, `Content`, `Rating`, `ReviewerName`) VALUES (79479941, 'Corporis in natus amet nesciunt iusto sed et. Facilis qui quisquam aut ex. Aspernatur enim dolor et voluptatem. Voluptatum omnis nobis voluptas illo pariatur culpa.', 3, 'abbott.emery');
INSERT INTO `review` (`ReviewID`, `Content`, `Rating`, `ReviewerName`) VALUES (79489306, 'Sit adipisci et impedit eligendi. Ex reiciendis cumque sed aliquam cum. Facilis eius ut quo alias cupiditate reiciendis placeat. Corporis voluptatem saepe iste modi magni sapiente.', 5, 'jerde.jessyca');
INSERT INTO `review` (`ReviewID`, `Content`, `Rating`, `ReviewerName`) VALUES (79491720, 'A minima quia possimus officia eum dolores quis ut. Id perspiciatis eligendi eum quam qui soluta.', 1, 'hazle13');
INSERT INTO `review` (`ReviewID`, `Content`, `Rating`, `ReviewerName`) VALUES (79575114, 'Corporis quae praesentium rerum odio saepe. Id exercitationem sint velit ad error ipsam. Nihil est molestiae natus. Ut voluptatem facere ut. Ipsum odit et libero.', 5, 'nathen20');
INSERT INTO `review` (`ReviewID`, `Content`, `Rating`, `ReviewerName`) VALUES (79674668, 'Voluptatem quae impedit placeat quia est explicabo. Vel sed officia temporibus aut. Praesentium quam explicabo id dolores ut.', 1, 'letha.daniel');
INSERT INTO `review` (`ReviewID`, `Content`, `Rating`, `ReviewerName`) VALUES (79711615, 'Id totam delectus officiis perferendis. Necessitatibus alias ut placeat et eum. Asperiores in sunt fugit molestiae aliquam voluptatem qui et.', 1, 'homenick.nina');
INSERT INTO `review` (`ReviewID`, `Content`, `Rating`, `ReviewerName`) VALUES (80149305, 'Non aut nihil et. Possimus eveniet reprehenderit aut. Et consequatur rerum reiciendis. Voluptatem ut illum fuga.', 3, 'casper.price');
INSERT INTO `review` (`ReviewID`, `Content`, `Rating`, `ReviewerName`) VALUES (80273329, 'Quod aut hic quia minus ipsa. Blanditiis numquam esse qui iusto aut quod ab. Dolor a architecto recusandae ea.', 3, 'naufderhar');
INSERT INTO `review` (`ReviewID`, `Content`, `Rating`, `ReviewerName`) VALUES (80295993, 'Dignissimos reprehenderit ut dolore esse nesciunt omnis. Deserunt dolor est dolorem rerum facere. Neque itaque quo sint. Aut non fuga dolor ducimus ipsa qui neque.', 5, 'lisa.turcotte');
INSERT INTO `review` (`ReviewID`, `Content`, `Rating`, `ReviewerName`) VALUES (80578718, 'Aspernatur optio harum commodi quis blanditiis. Molestiae repellat fuga architecto sit eveniet doloremque corporis. Eius natus accusantium magnam. Non quia voluptates eum dicta.', 4, 'ottis18');
INSERT INTO `review` (`ReviewID`, `Content`, `Rating`, `ReviewerName`) VALUES (80789557, 'Vel quas ex sunt libero dolorem repellat. Repellendus ducimus soluta aut unde ipsum quia. Non voluptatem dolorem culpa veritatis.', 2, 'isobel.lakin');
INSERT INTO `review` (`ReviewID`, `Content`, `Rating`, `ReviewerName`) VALUES (80958720, 'Molestiae delectus ad quia dolorem aut nulla. Tenetur tempora consequuntur optio ut est expedita. Eius magni consequatur quia veniam incidunt. Non ipsum alias placeat.', 2, 'uhowell');
INSERT INTO `review` (`ReviewID`, `Content`, `Rating`, `ReviewerName`) VALUES (80998659, 'Alias unde a consequatur saepe. Corrupti rerum praesentium incidunt assumenda labore enim. Est autem ut earum quia sit. Odit et id inventore libero.', 3, 'davion.kub');
INSERT INTO `review` (`ReviewID`, `Content`, `Rating`, `ReviewerName`) VALUES (81442481, 'Dolores consequatur at optio. Eum rerum voluptatem id facere et rerum. Quia sunt ut vel assumenda expedita.', 5, 'mazie90');
INSERT INTO `review` (`ReviewID`, `Content`, `Rating`, `ReviewerName`) VALUES (81630284, 'Ipsum voluptates ullam sit laboriosam animi blanditiis tempore autem. Voluptas aut assumenda maxime veniam asperiores iure eligendi. Dicta itaque quae aut cumque molestiae autem.', 2, 'brock99');
INSERT INTO `review` (`ReviewID`, `Content`, `Rating`, `ReviewerName`) VALUES (81631578, 'Ab voluptas natus incidunt nisi possimus. Ipsa fugiat enim vel dicta ipsum. Illo eveniet non optio enim aspernatur saepe placeat. Consequuntur asperiores veritatis nesciunt.', 5, 'barton54');
INSERT INTO `review` (`ReviewID`, `Content`, `Rating`, `ReviewerName`) VALUES (81661961, 'Et perspiciatis maxime dignissimos dicta veritatis tenetur. Sint error eum in qui. Vero pariatur et facere quibusdam et laborum facilis.', 4, 'ellen.murray');
INSERT INTO `review` (`ReviewID`, `Content`, `Rating`, `ReviewerName`) VALUES (81808286, 'Consequatur vitae impedit voluptas et aut non. Autem nesciunt nihil totam hic quia eos porro. Et provident blanditiis est iste quidem quia.', 2, 'd\'angelo25');
INSERT INTO `review` (`ReviewID`, `Content`, `Rating`, `ReviewerName`) VALUES (82001913, 'Fugiat iure omnis repellat vero pariatur. Eum quam ut eum quod harum dolor. Ducimus qui omnis sit ex voluptas. Repellat doloremque quia aut quas temporibus.', 3, 'tzulauf');
INSERT INTO `review` (`ReviewID`, `Content`, `Rating`, `ReviewerName`) VALUES (82012879, 'Ad quo nihil veritatis praesentium saepe consequatur quis. Libero numquam nostrum maiores. Voluptate qui vero sed illo aut aut nihil.', 4, 'darron29');
INSERT INTO `review` (`ReviewID`, `Content`, `Rating`, `ReviewerName`) VALUES (82103290, 'Eos aut animi quas et fugit. Quia id debitis voluptate corporis. Eligendi et iusto eum non voluptatem impedit ipsa qui.', 5, 'myah48');
INSERT INTO `review` (`ReviewID`, `Content`, `Rating`, `ReviewerName`) VALUES (82109943, 'Et ipsa beatae est et velit. Eos quo qui sapiente ut consequatur quidem officia. Et corporis doloribus est nihil debitis deleniti. Ipsam officiis perspiciatis consectetur dolores facere sint nam.', 1, 'o\'conner.corbin');
INSERT INTO `review` (`ReviewID`, `Content`, `Rating`, `ReviewerName`) VALUES (82216389, 'In vel earum soluta velit facilis aliquid sapiente. Suscipit est et voluptates. Et atque cupiditate et et molestiae praesentium. A voluptas velit omnis natus eos.', 5, 'mcdermott.afton');
INSERT INTO `review` (`ReviewID`, `Content`, `Rating`, `ReviewerName`) VALUES (82316241, 'Placeat rerum ut magnam perferendis dignissimos. Cupiditate ipsa et et aut explicabo occaecati reprehenderit maiores. Voluptas voluptatibus magnam tempora nemo rem et harum.', 5, 'kenna.tremblay');
INSERT INTO `review` (`ReviewID`, `Content`, `Rating`, `ReviewerName`) VALUES (82467054, 'Nihil explicabo animi et autem ipsum delectus sed. Reprehenderit natus ut consectetur necessitatibus quis omnis a. Nam ut necessitatibus est ipsum tempora. Nam alias id non eum saepe rerum.', 1, 'collins.junius');
INSERT INTO `review` (`ReviewID`, `Content`, `Rating`, `ReviewerName`) VALUES (82518644, 'Sed dolores qui placeat voluptas architecto et. Ex quod nobis nihil rem corrupti. Consequuntur quia a nulla. Id aut nisi consectetur commodi qui.', 5, 'hparisian');
INSERT INTO `review` (`ReviewID`, `Content`, `Rating`, `ReviewerName`) VALUES (82659107, 'Aliquam est non consequatur doloremque qui voluptas unde et. Repellendus nobis dolor maiores culpa atque. Sit pariatur atque qui consequuntur enim sit aliquam.', 4, 'qmonahan');
INSERT INTO `review` (`ReviewID`, `Content`, `Rating`, `ReviewerName`) VALUES (82741158, 'Harum consequatur et doloribus quos debitis. Voluptatem veritatis quia nihil voluptate in in in molestias. Pariatur officiis sunt id ut nihil doloribus.', 1, 'hills.cleta');
INSERT INTO `review` (`ReviewID`, `Content`, `Rating`, `ReviewerName`) VALUES (82794234, 'Quis consequatur omnis et explicabo provident suscipit saepe. Tenetur excepturi aut et fugit architecto corporis. Sunt illo ipsa et dolores quia iste recusandae. Sint dolorem quam vitae vitae.', 2, 'gshields');
INSERT INTO `review` (`ReviewID`, `Content`, `Rating`, `ReviewerName`) VALUES (82918985, 'Ullam nisi alias corrupti. Similique expedita est et in ea.\nItaque iure at officia qui. At eaque aliquam ipsum quis. Quod labore consequatur non rerum ex.', 4, 'otillman');
INSERT INTO `review` (`ReviewID`, `Content`, `Rating`, `ReviewerName`) VALUES (83018237, 'Suscipit debitis necessitatibus eum qui commodi. Voluptate distinctio similique consectetur enim voluptatem et sit. Rerum odio aliquam sit magnam praesentium. Quo et quasi veritatis suscipit.', 4, 'qmonahan');
INSERT INTO `review` (`ReviewID`, `Content`, `Rating`, `ReviewerName`) VALUES (83310401, 'Sint doloremque molestiae excepturi vel eos a et. Nam laboriosam et facere impedit voluptate assumenda non. Accusantium error quia illo velit aut. Rerum dolore sint et possimus iusto autem ut.', 2, 'kenna.tremblay');
INSERT INTO `review` (`ReviewID`, `Content`, `Rating`, `ReviewerName`) VALUES (83341791, 'Rerum autem ut ad et. Et illum dignissimos magni et.\nFuga et vel tempore aut numquam qui dignissimos id. Velit facere voluptatem assumenda et fugit nemo. Aut pariatur velit quod est voluptatibus.', 1, 'maribel.rutherford');
INSERT INTO `review` (`ReviewID`, `Content`, `Rating`, `ReviewerName`) VALUES (83420858, 'Inventore accusantium nobis ipsum ut nihil veritatis possimus aspernatur. Et aperiam dolorem expedita aliquid et. Et illum ullam velit qui ipsum. Et officia qui possimus at pariatur repellendus ad.', 3, 'kristofer13');
INSERT INTO `review` (`ReviewID`, `Content`, `Rating`, `ReviewerName`) VALUES (83497056, 'Quaerat quia quisquam in est. Ipsum sequi natus hic error enim rerum. Et repudiandae ut cumque quo dolores.', 1, 'ephraim39');
INSERT INTO `review` (`ReviewID`, `Content`, `Rating`, `ReviewerName`) VALUES (83524297, 'Fugit totam aliquid tempora sapiente beatae quasi exercitationem. Iste similique hic maiores esse asperiores. Delectus odit unde quod sint. Nisi quae ut consequuntur non eum voluptatibus.', 5, 'skyla.jerde');
INSERT INTO `review` (`ReviewID`, `Content`, `Rating`, `ReviewerName`) VALUES (83556681, 'Qui voluptatem voluptas voluptas et. Accusantium sed nesciunt voluptas iste possimus. Rerum minus corporis ipsa modi sint dolor sint.', 2, 'mohammad59');
INSERT INTO `review` (`ReviewID`, `Content`, `Rating`, `ReviewerName`) VALUES (83581745, 'Omnis rem maiores dolor aliquid. Voluptatibus molestiae est ad quaerat ut ea enim. Et ipsam hic suscipit necessitatibus et.', 4, 'cristina.thiel');
INSERT INTO `review` (`ReviewID`, `Content`, `Rating`, `ReviewerName`) VALUES (83644024, 'Minus provident accusamus quia quod nihil. Rerum nesciunt ipsam consequatur debitis tenetur quibusdam. Consectetur ipsum ex voluptatum qui et enim nihil veniam. Totam nisi vero earum facere iure.', 3, 'hazle13');
INSERT INTO `review` (`ReviewID`, `Content`, `Rating`, `ReviewerName`) VALUES (83809356, 'Minima reprehenderit sequi ullam sed qui iste qui. Enim officia nihil qui accusamus. Non earum numquam quo quae repellat quis.', 2, 'myah48');
INSERT INTO `review` (`ReviewID`, `Content`, `Rating`, `ReviewerName`) VALUES (83820822, 'Minima magnam pariatur cum quos id. Autem quasi ipsa debitis. Reiciendis sit ad quia.', 4, 'manuel90');
INSERT INTO `review` (`ReviewID`, `Content`, `Rating`, `ReviewerName`) VALUES (83825049, 'Aspernatur sed iste natus necessitatibus iusto in enim. Dolor rem nihil ut ullam dolorem minus. Quia necessitatibus quo eveniet omnis nihil sunt qui nesciunt.', 3, 'yost.laurel');
INSERT INTO `review` (`ReviewID`, `Content`, `Rating`, `ReviewerName`) VALUES (83952766, 'Laboriosam non consectetur dolorum sunt. Iusto consequuntur recusandae omnis cumque maiores. Odit accusantium ut dicta et.', 3, 'annalise85');
INSERT INTO `review` (`ReviewID`, `Content`, `Rating`, `ReviewerName`) VALUES (84077981, 'Non quia quidem error quisquam. Dolores et qui nihil facilis. Dolorem unde id voluptatibus quidem ut voluptatum.', 5, 'lucile.prosacco');
INSERT INTO `review` (`ReviewID`, `Content`, `Rating`, `ReviewerName`) VALUES (84107412, 'Mollitia saepe laborum repellendus labore mollitia ipsa. Tempora eligendi est eum ut ut suscipit. Vel voluptatem rem at in. Eligendi error aut consequatur hic aliquid natus quia.', 2, 'fleta75');
INSERT INTO `review` (`ReviewID`, `Content`, `Rating`, `ReviewerName`) VALUES (84123496, 'Perferendis quis eos voluptatem dolorum laborum est. Rerum voluptas eius officia dolor. Voluptas minima ullam rerum est explicabo. Sunt distinctio aliquid est rerum et laborum.', 1, 'macy.parisian');
INSERT INTO `review` (`ReviewID`, `Content`, `Rating`, `ReviewerName`) VALUES (84219359, 'Maiores occaecati eum sed minima ea rem. Nobis dolorum quis vel dolorem. Ut nobis aut ut dolor.', 4, 'madelynn71');
INSERT INTO `review` (`ReviewID`, `Content`, `Rating`, `ReviewerName`) VALUES (84257506, 'Fugit omnis et maiores ad ut et atque. Quia quibusdam et reprehenderit enim dolor animi. Sunt et voluptatem omnis praesentium sequi sed. Id dolores aut exercitationem velit modi architecto.', 1, 'deven76');
INSERT INTO `review` (`ReviewID`, `Content`, `Rating`, `ReviewerName`) VALUES (84380110, 'Quia numquam qui eius optio. Aut velit incidunt vitae id. Ut nesciunt accusantium aut assumenda aut est optio. Eos consequuntur qui dolores inventore aliquid.', 1, 'kenna.tremblay');
INSERT INTO `review` (`ReviewID`, `Content`, `Rating`, `ReviewerName`) VALUES (84424956, 'Quis dignissimos ad suscipit nesciunt incidunt labore. Cupiditate et dolore consectetur esse qui deserunt dolores. Doloribus nulla illo id similique corporis enim quis.', 4, 'trantow.watson');
INSERT INTO `review` (`ReviewID`, `Content`, `Rating`, `ReviewerName`) VALUES (84469544, 'Quam ullam incidunt ullam fugit suscipit fuga. Ut qui pariatur ex expedita qui nesciunt.', 3, 'sarah94');
INSERT INTO `review` (`ReviewID`, `Content`, `Rating`, `ReviewerName`) VALUES (84487784, 'Ab dignissimos ipsam eius quae qui et. Quibusdam est quas ut quas deserunt consequatur. In id aut deleniti sint quo impedit iste. Esse fuga qui explicabo.', 5, 'johanna.barton');
INSERT INTO `review` (`ReviewID`, `Content`, `Rating`, `ReviewerName`) VALUES (84500750, 'Nisi qui corporis similique repellat iure qui recusandae. Natus odit officia rerum. Debitis nobis dolores sint veniam fugiat aut. Error est non quisquam quis sint repellat.', 1, 'wolff.morris');
INSERT INTO `review` (`ReviewID`, `Content`, `Rating`, `ReviewerName`) VALUES (84654075, 'Maiores qui saepe blanditiis consequuntur iste. Sunt animi et aspernatur in ut temporibus. Fugiat quo inventore qui et.', 1, 'tzulauf');
INSERT INTO `review` (`ReviewID`, `Content`, `Rating`, `ReviewerName`) VALUES (84762995, 'Sunt eaque velit accusantium sapiente temporibus amet dolore ducimus. Laudantium eligendi ea dicta maiores. Laborum et commodi deleniti quasi. Eum maiores possimus deserunt et esse tempore.', 5, 'skyla.jerde');
INSERT INTO `review` (`ReviewID`, `Content`, `Rating`, `ReviewerName`) VALUES (85070254, 'Sit non incidunt aspernatur numquam quo et quas. Et libero aut velit. Quam voluptatem et minus quas voluptatum ut. Vel explicabo alias ducimus quo.', 4, 'miles61');
INSERT INTO `review` (`ReviewID`, `Content`, `Rating`, `ReviewerName`) VALUES (85117276, 'Porro beatae numquam similique quam veritatis eveniet. Similique accusantium repudiandae ut unde repudiandae. Esse ipsam aliquid non aperiam. Dolor voluptatum libero ipsum sit consectetur.', 2, 'franco.corwin');
INSERT INTO `review` (`ReviewID`, `Content`, `Rating`, `ReviewerName`) VALUES (85133463, 'Recusandae hic est sit neque et beatae optio. Commodi magnam minima officiis in cupiditate. Consequatur eaque debitis earum dolor.', 4, 'rasheed.gusikowski');
INSERT INTO `review` (`ReviewID`, `Content`, `Rating`, `ReviewerName`) VALUES (85270057, 'Est est asperiores aliquam iure. Aliquid ipsam maiores recusandae qui fugit quidem ipsam ut. Fuga culpa sint occaecati et dolorem sed et. Et consequatur est vero nihil.', 1, 'deven76');
INSERT INTO `review` (`ReviewID`, `Content`, `Rating`, `ReviewerName`) VALUES (85319370, 'Et omnis voluptate nam omnis qui. Dolorem ea adipisci id. Fugiat atque veniam quis omnis. Veniam delectus dolorum qui ipsam maiores tempore.', 1, 'ayana24');
INSERT INTO `review` (`ReviewID`, `Content`, `Rating`, `ReviewerName`) VALUES (85400021, 'Qui aspernatur quae incidunt explicabo est repellendus. Et quasi eum porro et nisi cumque nihil. Corporis tempore nihil quisquam ullam eum fugiat beatae omnis.', 3, 'gshields');
INSERT INTO `review` (`ReviewID`, `Content`, `Rating`, `ReviewerName`) VALUES (85400815, 'Non sit consequatur qui autem quia laudantium voluptas. Similique atque dignissimos beatae in. Adipisci architecto non assumenda.', 2, 'barton54');
INSERT INTO `review` (`ReviewID`, `Content`, `Rating`, `ReviewerName`) VALUES (85496589, 'Beatae omnis voluptatibus optio dolor harum consequatur est numquam. Illo iure iste rerum culpa. Tenetur ex porro voluptatem est quam adipisci eos repellendus.', 5, 'o\'conner.corbin');
INSERT INTO `review` (`ReviewID`, `Content`, `Rating`, `ReviewerName`) VALUES (85660081, 'Excepturi et architecto est quam necessitatibus ut. Maiores reiciendis aut ad et odio. Sint dicta sit aut quo consectetur sit. Repellat quis quia doloribus veritatis vel.', 4, 'collins.junius');
INSERT INTO `review` (`ReviewID`, `Content`, `Rating`, `ReviewerName`) VALUES (85740585, 'Quidem magni veniam voluptas temporibus impedit. Sapiente minima id modi at. Et iste soluta nesciunt architecto qui natus pariatur explicabo.', 4, 'vkertzmann');
INSERT INTO `review` (`ReviewID`, `Content`, `Rating`, `ReviewerName`) VALUES (85915490, 'Dolore et sed consequatur. Enim ut et officiis qui facere hic. Vitae fuga velit cum et assumenda consequatur.', 4, 'maribel.rutherford');
INSERT INTO `review` (`ReviewID`, `Content`, `Rating`, `ReviewerName`) VALUES (85945087, 'Ad exercitationem laudantium placeat quas consequatur quis modi ut. Doloremque sed est consectetur consequatur architecto enim saepe. Odio voluptatem sunt voluptate quae.', 3, 'johanna.barton');
INSERT INTO `review` (`ReviewID`, `Content`, `Rating`, `ReviewerName`) VALUES (86037466, 'Asperiores ut praesentium qui ducimus hic. Ipsum dolorem corporis pariatur autem quos. Est dignissimos doloremque officiis debitis.', 5, 'mwitting');
INSERT INTO `review` (`ReviewID`, `Content`, `Rating`, `ReviewerName`) VALUES (86156270, 'Consequuntur eveniet nisi et voluptatibus voluptate. Nisi est sunt iure. Sed ad qui repellendus ex quo.', 3, 'kassandra.krajcik');
INSERT INTO `review` (`ReviewID`, `Content`, `Rating`, `ReviewerName`) VALUES (86212260, 'Adipisci rerum repudiandae amet in. Labore minima sit voluptate consectetur excepturi placeat eius. Et quo ea odit aut at unde. Debitis repudiandae quas aut tempore voluptatibus quia eos.', 2, 'phessel');
INSERT INTO `review` (`ReviewID`, `Content`, `Rating`, `ReviewerName`) VALUES (86212814, 'Odit repudiandae id exercitationem aut. Voluptatem quibusdam officiis totam tenetur accusantium consequatur voluptatem. Nostrum ullam enim fugiat. Eos laborum dolores veniam id.', 2, 'maribel.rutherford');
INSERT INTO `review` (`ReviewID`, `Content`, `Rating`, `ReviewerName`) VALUES (86395094, 'Distinctio sit vel quisquam ut. Omnis eos ad sit porro accusantium.', 2, 'naufderhar');
INSERT INTO `review` (`ReviewID`, `Content`, `Rating`, `ReviewerName`) VALUES (86439818, 'Quis aut ut autem et aut. Consequatur dolorem dolore vitae sed. Est fugiat eum laudantium sit ipsum velit.', 1, 'hparisian');
INSERT INTO `review` (`ReviewID`, `Content`, `Rating`, `ReviewerName`) VALUES (86648897, 'Autem vel voluptatum eos delectus. Consequatur qui sit doloremque facere. Eligendi explicabo illo qui omnis nihil itaque laudantium. Porro est ea similique accusantium dolores et.', 4, 'vkertzmann');
INSERT INTO `review` (`ReviewID`, `Content`, `Rating`, `ReviewerName`) VALUES (86828035, 'Impedit saepe cum dolor quod. Sequi at in in ex. Accusantium id est illo id.', 5, 'antonio.aufderhar');
INSERT INTO `review` (`ReviewID`, `Content`, `Rating`, `ReviewerName`) VALUES (86835218, 'Ratione odio accusamus maiores hic perferendis. Est sed voluptatibus voluptatem voluptatem. Aut tempore minus ut natus non occaecati harum. Sit enim laboriosam distinctio esse.', 4, 'darron29');
INSERT INTO `review` (`ReviewID`, `Content`, `Rating`, `ReviewerName`) VALUES (86849748, 'Quo nobis dolores ut consequuntur et ipsa sit. Alias debitis ab repudiandae adipisci est qui aspernatur.', 1, 'bogisich.abe');
INSERT INTO `review` (`ReviewID`, `Content`, `Rating`, `ReviewerName`) VALUES (87223818, 'Eum ut incidunt quia rerum incidunt. Asperiores voluptas distinctio ad vel aliquam ad eveniet. Molestias facere et sint voluptas.', 5, 'qmonahan');
INSERT INTO `review` (`ReviewID`, `Content`, `Rating`, `ReviewerName`) VALUES (87263687, 'Necessitatibus voluptas incidunt cumque. Ut consequatur dolore et possimus qui pariatur quia.', 2, 'kovacek.jessika');
INSERT INTO `review` (`ReviewID`, `Content`, `Rating`, `ReviewerName`) VALUES (87642106, 'Quo laboriosam et inventore quas sed. Quis qui ut maxime sit. Similique aliquid neque aperiam non velit.', 3, 'nathen20');
INSERT INTO `review` (`ReviewID`, `Content`, `Rating`, `ReviewerName`) VALUES (87917900, 'Sint et totam repudiandae aut neque quae. Non explicabo sint ut perspiciatis ex ut. Cum et voluptatum ut eos nobis.', 3, 'macy.parisian');
INSERT INTO `review` (`ReviewID`, `Content`, `Rating`, `ReviewerName`) VALUES (87970747, 'Aut consequatur rerum temporibus error inventore. Tenetur itaque numquam qui qui. Aut dolore sint quas ratione officiis laboriosam.', 4, 'barton54');
INSERT INTO `review` (`ReviewID`, `Content`, `Rating`, `ReviewerName`) VALUES (87985193, 'Sunt aut aut perferendis repellat possimus sint minus. Voluptas deserunt totam ut labore tempora vitae. Optio esse aliquam rem ut iste.', 3, 'casper.price');
INSERT INTO `review` (`ReviewID`, `Content`, `Rating`, `ReviewerName`) VALUES (88178347, 'Aut nihil beatae velit ut impedit. Sequi et quos tenetur magnam velit.', 4, 'uframi');
INSERT INTO `review` (`ReviewID`, `Content`, `Rating`, `ReviewerName`) VALUES (88415167, 'Dolores ipsum voluptatum optio enim. Commodi cum velit perspiciatis. Qui corporis nesciunt id nam. Eligendi consequatur vel accusantium autem. Cum distinctio vel consectetur.', 3, 'darren.stamm');
INSERT INTO `review` (`ReviewID`, `Content`, `Rating`, `ReviewerName`) VALUES (88482465, 'Hic quia perferendis temporibus nesciunt. Fuga consequatur est reiciendis autem enim adipisci. Quisquam harum tempore ut. Ut aut deleniti numquam vero consequuntur rerum voluptatem.', 5, 'rowena.hoeger');
INSERT INTO `review` (`ReviewID`, `Content`, `Rating`, `ReviewerName`) VALUES (88776518, 'Enim dolores nisi ex nesciunt et aut sint. Tempore in explicabo qui. Ut voluptatem similique enim maiores et. Et dicta rerum sequi dolore enim impedit voluptas.', 3, 'uframi');
INSERT INTO `review` (`ReviewID`, `Content`, `Rating`, `ReviewerName`) VALUES (88778270, 'Sint dolorem impedit eum aut. Eum at libero ducimus maiores exercitationem eaque. Quia et quisquam tenetur. Quas repudiandae eveniet odit quod neque.', 1, 'june31');
INSERT INTO `review` (`ReviewID`, `Content`, `Rating`, `ReviewerName`) VALUES (88928117, 'Ut recusandae ut molestiae et. Fugit doloremque deserunt maxime dolor.', 5, 'ohuel');
INSERT INTO `review` (`ReviewID`, `Content`, `Rating`, `ReviewerName`) VALUES (89131507, 'Adipisci voluptates aliquid ut pariatur cumque ipsum ea. Aut nostrum delectus fugit quo sed totam. Rerum maiores recusandae eveniet nostrum sed. Fugit in ut qui.', 5, 'lgreenfelder');
INSERT INTO `review` (`ReviewID`, `Content`, `Rating`, `ReviewerName`) VALUES (89135873, 'Quam aliquid quam unde saepe ad voluptatum dicta. Ut non dolor alias ea et. Porro et minima autem voluptatem et.', 2, 'lgreenfelder');
INSERT INTO `review` (`ReviewID`, `Content`, `Rating`, `ReviewerName`) VALUES (89199000, 'Iure est est totam consectetur amet voluptatum aliquam facere. In ipsa quia est voluptatum. In hic enim voluptatem qui et.', 4, 'marlen41');
INSERT INTO `review` (`ReviewID`, `Content`, `Rating`, `ReviewerName`) VALUES (89232792, 'Veritatis et porro nihil ea qui eos numquam ea. Sequi rerum sunt sit autem voluptates laudantium consequatur. Consequatur rem nihil iste aliquam repudiandae quaerat veniam.', 5, 'tzulauf');
INSERT INTO `review` (`ReviewID`, `Content`, `Rating`, `ReviewerName`) VALUES (89292006, 'Qui qui id quia eum quia quia impedit. Dolorem consectetur facilis veritatis est voluptas. Magnam et sit a ea dolores ipsum. Quaerat modi similique id est qui dicta eius.', 3, 'shills');
INSERT INTO `review` (`ReviewID`, `Content`, `Rating`, `ReviewerName`) VALUES (89459944, 'Accusamus dolorem culpa vel error. Voluptas molestias possimus odio nesciunt. Veniam dolor quia tenetur quod. Ut culpa qui quae.', 2, 'maribel.rutherford');
INSERT INTO `review` (`ReviewID`, `Content`, `Rating`, `ReviewerName`) VALUES (89482887, 'Exercitationem beatae nulla delectus enim quaerat. Debitis modi voluptatem blanditiis laborum aliquid. Nam explicabo sint ipsum libero molestiae. Quisquam recusandae eligendi ipsa iure.', 3, 'fleta75');
INSERT INTO `review` (`ReviewID`, `Content`, `Rating`, `ReviewerName`) VALUES (89489302, 'Unde accusamus vel unde ea ratione atque voluptates. Sint molestiae est maiores ex quas.', 3, 'o\'conner.corbin');
INSERT INTO `review` (`ReviewID`, `Content`, `Rating`, `ReviewerName`) VALUES (89619826, 'In non numquam nobis sit ea molestiae aut. Maxime eaque magnam quas quo quaerat.', 1, 'christina.jacobson');
INSERT INTO `review` (`ReviewID`, `Content`, `Rating`, `ReviewerName`) VALUES (89704835, 'Provident rerum quis qui soluta illum repudiandae. Qui autem sit illo enim minima exercitationem et. Deleniti dignissimos similique praesentium qui et rerum. Qui minima eligendi eaque praesentium.', 3, 'yost.laurel');
INSERT INTO `review` (`ReviewID`, `Content`, `Rating`, `ReviewerName`) VALUES (89922775, 'Cumque qui ut cum nisi autem eum odit. Itaque asperiores et incidunt non officiis dicta dolor. Sit consequatur eligendi non ipsam incidunt ea. Molestiae quae dolorum corporis atque.', 1, 'homenick.nina');
INSERT INTO `review` (`ReviewID`, `Content`, `Rating`, `ReviewerName`) VALUES (90108149, 'Illum mollitia saepe laboriosam. Itaque reiciendis soluta autem est et veniam eos. Voluptatem ea tempora autem voluptas non et veniam.', 2, 'tzulauf');
INSERT INTO `review` (`ReviewID`, `Content`, `Rating`, `ReviewerName`) VALUES (90146106, 'Earum perferendis inventore doloribus temporibus iste sit incidunt. Eligendi sunt placeat velit dolore dolor amet. Est ad possimus omnis dolor quas non eos impedit.', 4, 'vito.glover');
INSERT INTO `review` (`ReviewID`, `Content`, `Rating`, `ReviewerName`) VALUES (90305405, 'Et culpa adipisci aut quas quas et ea. Et adipisci quibusdam recusandae magni et ut eaque sunt.', 4, 'isobel.lakin');
INSERT INTO `review` (`ReviewID`, `Content`, `Rating`, `ReviewerName`) VALUES (90377514, 'Cum tempora vero dicta qui iusto. Tenetur molestiae animi perspiciatis asperiores et tenetur ea. Et quia voluptas ullam corrupti dicta perspiciatis iure.', 1, 'anderson.daphney');
INSERT INTO `review` (`ReviewID`, `Content`, `Rating`, `ReviewerName`) VALUES (90505657, 'Odit officiis eligendi id dolor. Vel id ex labore sunt.', 2, 'yoshiko.kassulke');
INSERT INTO `review` (`ReviewID`, `Content`, `Rating`, `ReviewerName`) VALUES (90562829, 'Ratione id culpa voluptas minus error sit. Omnis quo harum veritatis voluptatum molestiae autem. Architecto dolores incidunt quia maxime quam aut nihil dolore. Ut qui sunt vel et animi nam.', 4, 'bogisich.abe');
INSERT INTO `review` (`ReviewID`, `Content`, `Rating`, `ReviewerName`) VALUES (90678844, 'Et velit a eos debitis. Voluptatem at perferendis et unde voluptatem consequatur quia.', 2, 'naufderhar');
INSERT INTO `review` (`ReviewID`, `Content`, `Rating`, `ReviewerName`) VALUES (90852729, 'Accusantium eveniet dicta qui fuga aut. Excepturi alias illo quia id commodi cumque itaque aut. Culpa a non amet alias repudiandae nihil aperiam.', 3, 'darron29');
INSERT INTO `review` (`ReviewID`, `Content`, `Rating`, `ReviewerName`) VALUES (90920324, 'Deleniti vitae deleniti maiores sequi non aperiam odio. Quas sed quia impedit non. A quia et quas quis quam in assumenda voluptatem.', 5, 'corwin.meredith');
INSERT INTO `review` (`ReviewID`, `Content`, `Rating`, `ReviewerName`) VALUES (91039279, 'Et ea corporis vel aut ducimus. Id voluptatem veritatis laboriosam ut. Assumenda velit excepturi quia nulla sit iusto autem laboriosam.', 2, 'ujohnston');
INSERT INTO `review` (`ReviewID`, `Content`, `Rating`, `ReviewerName`) VALUES (91043256, 'Dolorem id tempore qui et est aliquid. Autem expedita quia vel cum quisquam et unde ducimus. Qui consectetur ut inventore autem.', 5, 'trantow.watson');
INSERT INTO `review` (`ReviewID`, `Content`, `Rating`, `ReviewerName`) VALUES (91108665, 'Minus quia totam totam aut totam delectus est. Qui est ratione qui quis animi id. Perspiciatis laboriosam explicabo commodi est dicta.', 4, 'sarah94');
INSERT INTO `review` (`ReviewID`, `Content`, `Rating`, `ReviewerName`) VALUES (91133374, 'Fugit et architecto minus tempore nihil praesentium. Nam aspernatur placeat vel quae. Sit quo voluptas modi et numquam eligendi.', 1, 'ephraim39');
INSERT INTO `review` (`ReviewID`, `Content`, `Rating`, `ReviewerName`) VALUES (91253472, 'Officia vitae voluptatem ducimus impedit in et id. Exercitationem fugit doloremque doloremque numquam recusandae et aliquam. Illum quia quia repudiandae nisi.', 2, 'yost.laurel');
INSERT INTO `review` (`ReviewID`, `Content`, `Rating`, `ReviewerName`) VALUES (91352823, 'Voluptatibus vel quia enim soluta et. Adipisci voluptatum eveniet ab expedita sapiente alias repellendus. Labore veritatis dolorum occaecati. Magnam placeat accusamus ut eum veniam.', 5, 'ephraim39');
INSERT INTO `review` (`ReviewID`, `Content`, `Rating`, `ReviewerName`) VALUES (91378344, 'Ut quis maxime est. Delectus expedita dolor ut et. Dolor unde ea sit nesciunt aperiam id itaque atque.', 5, 'annalise85');
INSERT INTO `review` (`ReviewID`, `Content`, `Rating`, `ReviewerName`) VALUES (91441885, 'Vero repellendus illo id ut expedita nemo aut. Voluptas est non deleniti aperiam sapiente vero similique. Iure rem voluptatum et minus dolorem ex.', 1, 'annalise85');
INSERT INTO `review` (`ReviewID`, `Content`, `Rating`, `ReviewerName`) VALUES (91518997, 'Fuga rerum dolore sit quam. Et quae culpa et voluptatem. Asperiores atque eum dolorem praesentium sed quis pariatur. Debitis itaque impedit beatae nemo optio.', 5, 'manuel90');
INSERT INTO `review` (`ReviewID`, `Content`, `Rating`, `ReviewerName`) VALUES (91583922, 'Adipisci qui magnam debitis minima iure. Sapiente eius vitae autem quis nisi. Est placeat quas perspiciatis eaque unde consectetur. Excepturi et eveniet praesentium quae.', 1, 'franco.corwin');
INSERT INTO `review` (`ReviewID`, `Content`, `Rating`, `ReviewerName`) VALUES (91626307, 'Est laborum qui consequatur quae est itaque. Quia tempore dolorum eaque at neque. Voluptatum vel amet voluptatem eos est error dignissimos voluptas.', 2, 'franco.corwin');
INSERT INTO `review` (`ReviewID`, `Content`, `Rating`, `ReviewerName`) VALUES (91647244, 'Necessitatibus illo ut tenetur qui maxime. Labore vel ullam nemo eos ea consequatur expedita placeat. Velit est cupiditate aspernatur neque aut aliquam est.', 4, 'june31');
INSERT INTO `review` (`ReviewID`, `Content`, `Rating`, `ReviewerName`) VALUES (91658671, 'Et deserunt ipsa veniam. Tempore nobis necessitatibus optio et. Est minus dignissimos debitis velit. Labore quia maiores sapiente ut dolores earum.', 1, 'hazle13');
INSERT INTO `review` (`ReviewID`, `Content`, `Rating`, `ReviewerName`) VALUES (91715076, 'Laborum rerum quia consequatur qui autem doloribus reiciendis. Et et voluptate sapiente omnis repudiandae. Ipsum neque voluptatem dolor. Deleniti aperiam accusantium non maxime eveniet nostrum eum.', 1, 'hparisian');
INSERT INTO `review` (`ReviewID`, `Content`, `Rating`, `ReviewerName`) VALUES (91930988, 'Possimus quis eum ab. Optio impedit autem quia quia et reiciendis rem. Eum omnis ipsum sit ea asperiores ab.', 5, 'uframi');
INSERT INTO `review` (`ReviewID`, `Content`, `Rating`, `ReviewerName`) VALUES (91950410, 'Dolorem et ea quis consectetur possimus voluptas quaerat. Asperiores dignissimos illum eum enim quis excepturi quibusdam dolor. Aliquid minus ducimus eligendi architecto aut in.', 4, 'bergnaum.arielle');
INSERT INTO `review` (`ReviewID`, `Content`, `Rating`, `ReviewerName`) VALUES (92140165, 'Quae accusamus molestiae repellat nemo distinctio ut. Aut eos et aut voluptatem nihil est ut. Assumenda distinctio et voluptatem eligendi dolores.', 5, 'ahammes');
INSERT INTO `review` (`ReviewID`, `Content`, `Rating`, `ReviewerName`) VALUES (92207182, 'Reiciendis harum alias expedita ea necessitatibus. Earum aut minus et quae exercitationem. Cupiditate quas praesentium eligendi voluptas ipsum nihil. Sit eum facere nihil ratione voluptas.', 4, 'mohammad59');
INSERT INTO `review` (`ReviewID`, `Content`, `Rating`, `ReviewerName`) VALUES (92367612, 'Occaecati sint sunt aut consequatur. Animi laboriosam consequuntur amet magnam. Numquam beatae quis debitis sed debitis. Dolorum porro culpa quam commodi quas est.', 2, 'uframi');
INSERT INTO `review` (`ReviewID`, `Content`, `Rating`, `ReviewerName`) VALUES (92630192, 'Dolorem aut sit impedit autem optio. Quisquam dolores suscipit eos omnis nemo velit odit architecto. Repudiandae quos accusamus consequatur ea. Magni et rerum repudiandae odit illo.', 3, 'wiza.damian');
INSERT INTO `review` (`ReviewID`, `Content`, `Rating`, `ReviewerName`) VALUES (92707994, 'Totam reprehenderit modi id qui. Deleniti neque voluptatum et est aut expedita. Optio ab earum consectetur facilis ullam aliquam.', 2, 'joany63');
INSERT INTO `review` (`ReviewID`, `Content`, `Rating`, `ReviewerName`) VALUES (92798518, 'Quo ratione vel porro repellat quia. Quidem sit eum magnam animi eius non delectus. Quia occaecati similique eaque repudiandae.', 1, 'manuel90');
INSERT INTO `review` (`ReviewID`, `Content`, `Rating`, `ReviewerName`) VALUES (92913485, 'Consequuntur aut sit non nostrum natus itaque. Repudiandae voluptas minus molestias reiciendis et. Ut totam nihil esse veniam alias magni nihil est.', 1, 'ahammes');
INSERT INTO `review` (`ReviewID`, `Content`, `Rating`, `ReviewerName`) VALUES (92999621, 'Fuga tenetur molestiae provident itaque esse. Sunt ipsa quaerat nihil commodi corrupti ut mollitia. Veniam corrupti nihil inventore quibusdam quia. Dolores quia qui asperiores et dolorem pariatur.', 2, 'schulist.cruz');
INSERT INTO `review` (`ReviewID`, `Content`, `Rating`, `ReviewerName`) VALUES (93052478, 'Quis explicabo excepturi magnam et ea temporibus est. Reprehenderit aut perferendis molestiae molestiae sunt. Quia accusamus minima ea assumenda aut.', 5, 'ephraim39');
INSERT INTO `review` (`ReviewID`, `Content`, `Rating`, `ReviewerName`) VALUES (93067289, 'Inventore enim rerum sit et similique. Possimus laborum quo qui. Assumenda ex explicabo fuga delectus minus fuga. Ab adipisci molestias vero molestias.', 1, 'sipes.mckenzie');
INSERT INTO `review` (`ReviewID`, `Content`, `Rating`, `ReviewerName`) VALUES (93136732, 'Odit delectus necessitatibus commodi sed. Qui magni quae est possimus expedita quos magnam. Ullam qui blanditiis explicabo totam voluptate qui et et. Itaque facere modi aspernatur id molestias.', 1, 'lucile.prosacco');
INSERT INTO `review` (`ReviewID`, `Content`, `Rating`, `ReviewerName`) VALUES (93454872, 'Similique ab quia optio qui. Sunt consequatur molestias animi facilis nam eos voluptas.', 1, 'annalise85');
INSERT INTO `review` (`ReviewID`, `Content`, `Rating`, `ReviewerName`) VALUES (93461145, 'Commodi aut odio quibusdam vel. Alias voluptatum aut dolores fugiat assumenda. Dicta non non molestiae.', 4, 'anderson.daphney');
INSERT INTO `review` (`ReviewID`, `Content`, `Rating`, `ReviewerName`) VALUES (93486966, 'Ab ut maxime hic inventore officiis qui. Numquam cupiditate cumque cum ea. A dolore ullam dicta assumenda corrupti ratione numquam.', 3, 'miles61');
INSERT INTO `review` (`ReviewID`, `Content`, `Rating`, `ReviewerName`) VALUES (93569086, 'Adipisci laboriosam officiis omnis est porro quia. Dolore blanditiis repellendus et quis laborum sunt voluptate. Debitis recusandae neque qui reprehenderit veniam est.', 1, 'letha.daniel');
INSERT INTO `review` (`ReviewID`, `Content`, `Rating`, `ReviewerName`) VALUES (93669179, 'Enim sed iste saepe dolorem nulla. Aliquid sed et veniam sunt sunt aliquid. Sunt accusantium consequatur alias ex et et. Et dolorem atque ipsam aut expedita.', 4, 'corwin.meredith');
INSERT INTO `review` (`ReviewID`, `Content`, `Rating`, `ReviewerName`) VALUES (93682511, 'Quisquam est eius modi amet sunt. Repellat autem animi optio repellendus. Quo aut ratione rerum vel.', 3, 'kristofer13');
INSERT INTO `review` (`ReviewID`, `Content`, `Rating`, `ReviewerName`) VALUES (93725606, 'Odio facilis perferendis et et voluptas et rem. Rerum pariatur incidunt sed sapiente. Et ullam consequatur iusto et. Labore a incidunt debitis asperiores.', 2, 'vkertzmann');
INSERT INTO `review` (`ReviewID`, `Content`, `Rating`, `ReviewerName`) VALUES (94066767, 'Dolores fuga corporis eos. Sed aut dolores nostrum voluptas facere. Facilis laborum rerum et adipisci nobis.', 2, 'joany63');
INSERT INTO `review` (`ReviewID`, `Content`, `Rating`, `ReviewerName`) VALUES (94152733, 'Architecto sint eos culpa velit. Pariatur laborum est non illum possimus earum. Non veniam in quidem laborum. Qui aut voluptas fugiat consectetur quae.', 5, 'yoshiko.kassulke');
INSERT INTO `review` (`ReviewID`, `Content`, `Rating`, `ReviewerName`) VALUES (94166724, 'Nobis veniam ut tempora exercitationem harum dolores omnis. Minus vel ut distinctio necessitatibus qui. Illo quisquam magnam atque in. Dignissimos iure fugit labore libero ut et.', 1, 'astreich');
INSERT INTO `review` (`ReviewID`, `Content`, `Rating`, `ReviewerName`) VALUES (94232991, 'Perferendis sit et porro. Ea voluptatum nihil distinctio sed voluptas facere maiores consequatur. Possimus commodi ratione ducimus voluptas at debitis.', 5, 'maribel.rutherford');
INSERT INTO `review` (`ReviewID`, `Content`, `Rating`, `ReviewerName`) VALUES (94337496, 'Nobis sed sapiente at fugiat tenetur. Corrupti doloremque eveniet velit aut eius. Tenetur aut amet ut nobis vel ut reiciendis ipsa. Laborum dignissimos id provident praesentium nobis aliquam officia.', 1, 'corene22');
INSERT INTO `review` (`ReviewID`, `Content`, `Rating`, `ReviewerName`) VALUES (94746049, 'Deleniti dolore saepe deleniti architecto illum. Et ut cupiditate sunt rerum. Et magnam quasi perspiciatis numquam.', 4, 'madelynn71');
INSERT INTO `review` (`ReviewID`, `Content`, `Rating`, `ReviewerName`) VALUES (94773631, 'Dolor eveniet autem modi veritatis. Quaerat placeat qui nobis odio. Consectetur ea corrupti ullam quia ea. Reiciendis qui cupiditate labore suscipit labore.', 5, 'sarah94');
INSERT INTO `review` (`ReviewID`, `Content`, `Rating`, `ReviewerName`) VALUES (94864029, 'Ipsam cupiditate quasi quia fugiat dicta provident necessitatibus. Omnis aut esse magni nemo consequatur illum. Aliquam dolorum soluta magni architecto ut at. Eum ipsa cupiditate harum in.', 1, 'anderson.daphney');
INSERT INTO `review` (`ReviewID`, `Content`, `Rating`, `ReviewerName`) VALUES (94993376, 'Minima ut sit odit numquam rerum dolorem earum eligendi. Ea sint omnis quia ut quidem. Consequuntur maxime vel accusamus. Alias et distinctio sapiente veritatis qui.', 1, 'wilderman.anabelle');
INSERT INTO `review` (`ReviewID`, `Content`, `Rating`, `ReviewerName`) VALUES (95007767, 'Ea et placeat similique in asperiores enim aut. Ad cum eum et provident corrupti ipsam quia. Nostrum sunt assumenda quae facere. Aut iste molestiae quisquam eum.', 1, 'ohuel');
INSERT INTO `review` (`ReviewID`, `Content`, `Rating`, `ReviewerName`) VALUES (95098957, 'Optio numquam quis sit magnam esse dolore sint. Optio excepturi provident ipsa delectus. Quasi est suscipit aut sit non iure.', 4, 'bernardo76');
INSERT INTO `review` (`ReviewID`, `Content`, `Rating`, `ReviewerName`) VALUES (95144427, 'Nam voluptatem labore voluptatum aliquid. Totam reprehenderit ullam dolor sed et.', 1, 'rasheed.gusikowski');
INSERT INTO `review` (`ReviewID`, `Content`, `Rating`, `ReviewerName`) VALUES (95235031, 'Ipsa animi culpa odit sed. Et voluptatem veritatis enim odio doloribus qui repellendus. Facilis ex saepe aspernatur quia dolores corrupti. Ad non nam totam eligendi asperiores a eum.', 5, 'vita.dooley');
INSERT INTO `review` (`ReviewID`, `Content`, `Rating`, `ReviewerName`) VALUES (95254382, 'Voluptas in ipsam corporis hic est perferendis. Ipsa voluptas rerum aut aut quaerat placeat beatae. Consequatur facere libero eaque ut quis ea maxime.', 4, 'shills');
INSERT INTO `review` (`ReviewID`, `Content`, `Rating`, `ReviewerName`) VALUES (95257274, 'Aut numquam natus atque tenetur molestiae. Consectetur quia aut delectus dicta. Voluptatem non fuga sit deserunt enim esse ex consequatur. Totam dolore et totam ut beatae sint repellendus.', 4, 'sipes.mckenzie');
INSERT INTO `review` (`ReviewID`, `Content`, `Rating`, `ReviewerName`) VALUES (95286592, 'Ex in quis accusantium consequatur sit doloribus nemo error. Ut cum voluptatum quisquam. Eligendi eos aliquid voluptates ex amet.', 4, 'mariela53');
INSERT INTO `review` (`ReviewID`, `Content`, `Rating`, `ReviewerName`) VALUES (95290409, 'Ut quia beatae voluptates amet quae et. Quo ea omnis laboriosam aliquid eveniet ipsam est. Ad magnam qui delectus cupiditate distinctio illum.', 4, 'bernardo76');
INSERT INTO `review` (`ReviewID`, `Content`, `Rating`, `ReviewerName`) VALUES (95537203, 'Vel mollitia incidunt consequatur non sed doloremque dignissimos doloremque. Voluptatibus nesciunt ipsam labore ut qui quo. Nihil quos ut vel nam.', 4, 'mazie90');
INSERT INTO `review` (`ReviewID`, `Content`, `Rating`, `ReviewerName`) VALUES (95612684, 'Iste cumque rerum animi mollitia vel ex odio. Laudantium molestias omnis reprehenderit. Doloribus dignissimos doloribus molestias accusamus.', 5, 'ujohnston');
INSERT INTO `review` (`ReviewID`, `Content`, `Rating`, `ReviewerName`) VALUES (95956110, 'Laborum sit officiis omnis dolor error quisquam mollitia. Dicta vitae commodi recusandae sit. Et consequatur adipisci omnis animi necessitatibus. Molestias et voluptate et.', 1, 'letha.daniel');
INSERT INTO `review` (`ReviewID`, `Content`, `Rating`, `ReviewerName`) VALUES (96095698, 'Qui sunt dolores quia voluptates aliquam est quia. Optio consequatur quis impedit vel quaerat doloremque. Aut ut architecto voluptatum laboriosam sequi non ex. Quas aut magni nisi ut.', 4, 'casper.price');
INSERT INTO `review` (`ReviewID`, `Content`, `Rating`, `ReviewerName`) VALUES (96215516, 'At et eligendi non maiores. Suscipit id ut ut enim nemo porro. Nobis porro aut provident ea nulla non.', 2, 'lisa.turcotte');
INSERT INTO `review` (`ReviewID`, `Content`, `Rating`, `ReviewerName`) VALUES (96221681, 'Praesentium libero itaque excepturi et aliquam et eligendi. Officia commodi sit aliquam saepe ex unde quos a. In dolorem assumenda natus accusantium nulla cupiditate.', 4, 'letha.daniel');
INSERT INTO `review` (`ReviewID`, `Content`, `Rating`, `ReviewerName`) VALUES (96281230, 'Architecto omnis quos harum vitae ut sequi consectetur vero. Perspiciatis consectetur voluptate itaque soluta. Quaerat qui voluptas ut. Ex eum sit facere.', 4, 'rowena.hoeger');
INSERT INTO `review` (`ReviewID`, `Content`, `Rating`, `ReviewerName`) VALUES (96676226, 'Dolores eaque facilis assumenda sapiente. Quisquam est laborum inventore soluta in cum. Optio exercitationem sed et neque.', 3, 'd\'angelo25');
INSERT INTO `review` (`ReviewID`, `Content`, `Rating`, `ReviewerName`) VALUES (96786675, 'Numquam voluptas mollitia illo dignissimos pariatur. Nam officiis dolores qui voluptates. Voluptatibus perferendis nam voluptatem cumque praesentium. Sint non ad aut cum suscipit.', 3, 'gshields');
INSERT INTO `review` (`ReviewID`, `Content`, `Rating`, `ReviewerName`) VALUES (96954062, 'Magnam velit repellat est est. Illum sit et molestias fugit.\nItaque a aut iusto voluptatibus. Rerum velit alias dolore explicabo delectus. In illo et placeat.', 2, 'antonio.aufderhar');
INSERT INTO `review` (`ReviewID`, `Content`, `Rating`, `ReviewerName`) VALUES (96982937, 'Ut eius debitis earum est. Iusto corrupti placeat adipisci illo molestiae veniam voluptatum rem. Vero exercitationem consequuntur perspiciatis ea ut. Iure sed similique vel in.', 4, 'schulist.cruz');
INSERT INTO `review` (`ReviewID`, `Content`, `Rating`, `ReviewerName`) VALUES (97056525, 'Repellendus sint nihil in blanditiis ullam harum perspiciatis. Vel assumenda impedit atque. Dolorem aliquam porro ipsam debitis et autem.', 4, 'maribel.rutherford');
INSERT INTO `review` (`ReviewID`, `Content`, `Rating`, `ReviewerName`) VALUES (97090495, 'Numquam fugit qui nulla magni. Nihil magnam sed laudantium non qui. Veritatis iusto harum repudiandae sunt consequatur dolorem.', 2, 'qmonahan');
INSERT INTO `review` (`ReviewID`, `Content`, `Rating`, `ReviewerName`) VALUES (97126427, 'Consectetur qui odio ea tempora est nobis accusantium. Illum iure ipsum aperiam dolorem.', 1, 'hyatt.lee');
INSERT INTO `review` (`ReviewID`, `Content`, `Rating`, `ReviewerName`) VALUES (97141282, 'Laudantium ratione omnis eum expedita nam odit nesciunt. Fugiat tempora ea et. Aut quia mollitia quo quas. Atque itaque sed nobis in provident totam qui.', 3, 'yvon');
INSERT INTO `review` (`ReviewID`, `Content`, `Rating`, `ReviewerName`) VALUES (97142672, 'Dolores aliquam vero explicabo tempore et. Illum iure et dolorum beatae placeat. Ut recusandae porro inventore eum nesciunt.', 2, 'collins.junius');
INSERT INTO `review` (`ReviewID`, `Content`, `Rating`, `ReviewerName`) VALUES (97159007, 'Autem sit pariatur culpa delectus veritatis necessitatibus est. Et sunt et rem eaque. Ratione animi beatae ea maxime. Veniam tenetur eum ut odit sed ut quia.', 1, 'trogahn');
INSERT INTO `review` (`ReviewID`, `Content`, `Rating`, `ReviewerName`) VALUES (97162015, 'Quia cupiditate iusto accusantium. Soluta eius ab molestiae sed et facere reiciendis. Non voluptatum earum necessitatibus quo molestiae voluptatibus iure. Culpa eum est tempore ratione optio.', 2, 'naufderhar');
INSERT INTO `review` (`ReviewID`, `Content`, `Rating`, `ReviewerName`) VALUES (97248099, 'Ducimus rerum enim quis voluptas in fugiat. Unde ea odio nobis accusantium aspernatur. Quisquam qui aut neque provident laboriosam perferendis sunt. Molestiae culpa est architecto vel porro.', 4, 'satterfield.destiny');
INSERT INTO `review` (`ReviewID`, `Content`, `Rating`, `ReviewerName`) VALUES (97320208, 'Iusto laudantium non voluptatem molestiae. Sunt voluptatem voluptas veniam ab eveniet non iste. Provident doloribus sit voluptatem eos id velit nisi. Corrupti distinctio voluptatum assumenda dolor.', 2, 'abbott.emery');
INSERT INTO `review` (`ReviewID`, `Content`, `Rating`, `ReviewerName`) VALUES (97358593, 'At ut et neque eligendi. Fugiat porro earum labore enim similique voluptatem. Vel doloribus quibusdam earum officiis et. Deserunt soluta optio in voluptas.', 2, 'yost.laurel');
INSERT INTO `review` (`ReviewID`, `Content`, `Rating`, `ReviewerName`) VALUES (97597119, 'Non vel corporis ab dolor vitae. Blanditiis ab quos dicta est mollitia. Autem enim id et ipsa quidem. Illum voluptatem tempora numquam qui incidunt similique et.', 3, 'wolff.morris');
INSERT INTO `review` (`ReviewID`, `Content`, `Rating`, `ReviewerName`) VALUES (97655310, 'Eligendi cupiditate error non et. Nobis cumque harum architecto neque aspernatur autem. Quia repellat laborum consequatur libero. Et ratione rerum impedit. Quis aut dolor modi numquam fugiat.', 5, 'howell.kristy');
INSERT INTO `review` (`ReviewID`, `Content`, `Rating`, `ReviewerName`) VALUES (97717198, 'Reiciendis aut repellat optio illo. Amet et qui voluptates est eum qui.\nVel doloremque tempora harum architecto quisquam quo qui. Et praesentium consequatur quo illum dolorum voluptatum.', 4, 'rowena.hoeger');
INSERT INTO `review` (`ReviewID`, `Content`, `Rating`, `ReviewerName`) VALUES (97749016, 'Sint hic id placeat. Maiores voluptatem similique id minima. A est aut eos consectetur voluptates aut quis. Laborum accusamus vel amet facilis sunt officia.', 2, 'myah48');
INSERT INTO `review` (`ReviewID`, `Content`, `Rating`, `ReviewerName`) VALUES (97750883, 'At sed deserunt dicta repellat soluta neque et. Deleniti voluptatum cumque est. Modi nihil quaerat quia doloribus est. Aut similique ut rem id optio quis est.', 2, 'schulist.cruz');
INSERT INTO `review` (`ReviewID`, `Content`, `Rating`, `ReviewerName`) VALUES (97756421, 'Quaerat quam velit omnis vitae quisquam autem. Aut ut reprehenderit aut itaque ut voluptatem. Aut eum sit qui repellendus.', 2, 'mazie90');
INSERT INTO `review` (`ReviewID`, `Content`, `Rating`, `ReviewerName`) VALUES (97847244, 'Similique voluptatem dolores sed error natus aut vel. Consequatur nesciunt optio omnis accusamus vitae natus nihil. Rerum iste placeat vel laboriosam omnis et reprehenderit.', 2, 'yoshiko.kassulke');
INSERT INTO `review` (`ReviewID`, `Content`, `Rating`, `ReviewerName`) VALUES (98036117, 'Distinctio aliquam officiis id dolor asperiores tempora. Sit atque deserunt labore sed consequatur dolor cupiditate.\nExcepturi eum itaque natus et omnis labore assumenda. Esse aut dolorum minus et.', 4, 'uhowell');
INSERT INTO `review` (`ReviewID`, `Content`, `Rating`, `ReviewerName`) VALUES (98056673, 'Dolorum earum et eligendi at. Similique eos eum veniam quo. Repudiandae quia aspernatur saepe placeat. Voluptatem et excepturi minima provident alias vitae.', 3, 'yvon');
INSERT INTO `review` (`ReviewID`, `Content`, `Rating`, `ReviewerName`) VALUES (98437079, 'Perspiciatis quis est inventore assumenda distinctio est. Incidunt ut suscipit ipsum est.', 1, 'mazie90');
INSERT INTO `review` (`ReviewID`, `Content`, `Rating`, `ReviewerName`) VALUES (98531453, 'Dignissimos repellendus adipisci tempora reiciendis sed dolorem porro delectus. Inventore nobis et dolores nulla. Quidem atque vitae consequatur placeat assumenda omnis quisquam.', 5, 'antonio.aufderhar');
INSERT INTO `review` (`ReviewID`, `Content`, `Rating`, `ReviewerName`) VALUES (98668672, 'Illo aut ad totam est nihil est praesentium. Neque cum provident dignissimos qui facere aut iure porro. Optio doloremque fuga quos delectus totam aperiam. Soluta et id qui nisi at.', 5, 'kovacek.jessika');
INSERT INTO `review` (`ReviewID`, `Content`, `Rating`, `ReviewerName`) VALUES (99223325, 'Voluptatem laboriosam placeat sint iure libero voluptatum recusandae. Maxime sunt et dolore eum. Sed sit exercitationem molestiae debitis aut at incidunt. Itaque quod at dolorum minima quia.', 5, 'mazie90');
INSERT INTO `review` (`ReviewID`, `Content`, `Rating`, `ReviewerName`) VALUES (99259431, 'Est et neque minus modi harum. Blanditiis molestias voluptatem iusto. At consequatur id voluptas sit rerum. Eos suscipit sit omnis voluptatem.', 2, 'myah48');
INSERT INTO `review` (`ReviewID`, `Content`, `Rating`, `ReviewerName`) VALUES (99347866, 'Qui dolorum doloribus veritatis ut ut. Ea iusto sequi dolor voluptates ipsa ut. Nostrum corrupti ullam autem et natus dolorum. Ea debitis qui at est odio et.', 4, 'erich32');
INSERT INTO `review` (`ReviewID`, `Content`, `Rating`, `ReviewerName`) VALUES (99514058, 'Rem dolores tempore iste repellat cumque qui. Sint inventore libero alias est. Omnis necessitatibus qui facilis et occaecati doloribus enim.', 1, 'hazle13');
INSERT INTO `review` (`ReviewID`, `Content`, `Rating`, `ReviewerName`) VALUES (99535962, 'Ab illum esse quas sed alias voluptatem sunt at. Nulla id nihil tenetur. Et magni et ad qui. Ut incidunt fugiat eveniet vero est suscipit recusandae.', 4, 'casper.price');
INSERT INTO `review` (`ReviewID`, `Content`, `Rating`, `ReviewerName`) VALUES (99563233, 'Tempore neque nostrum ut. Aut et est quia qui aperiam. Iste vel doloremque doloribus rerum. Modi hic corporis in nesciunt est aut voluptatem.', 1, 'tzulauf');
INSERT INTO `review` (`ReviewID`, `Content`, `Rating`, `ReviewerName`) VALUES (99611872, 'Pariatur voluptas ab asperiores qui iusto excepturi omnis velit. Quam sed sequi deleniti est. Et ducimus aliquam est voluptas accusamus est.', 4, 'rasheed.gusikowski');
INSERT INTO `review` (`ReviewID`, `Content`, `Rating`, `ReviewerName`) VALUES (99714946, 'Et mollitia quo qui aut. Totam odio ab perspiciatis non sit eveniet suscipit. Placeat quia voluptatem doloribus alias. Et eaque laudantium tempora voluptatibus non quae.', 5, 'mohammad59');
INSERT INTO `review` (`ReviewID`, `Content`, `Rating`, `ReviewerName`) VALUES (99722756, 'Et nobis voluptatem minima porro qui velit. Sequi qui rerum laboriosam officiis. Fugiat eius omnis ea quia accusamus.', 1, 'darren.stamm');
INSERT INTO `review` (`ReviewID`, `Content`, `Rating`, `ReviewerName`) VALUES (99726950, 'Dignissimos vitae blanditiis laudantium nemo ut facilis omnis. Quia saepe et sint adipisci.', 1, 'anderson.daphney');
INSERT INTO `review` (`ReviewID`, `Content`, `Rating`, `ReviewerName`) VALUES (99811214, 'Magni et fugit at. Provident natus ab cum nostrum corrupti. Enim eum illo consequatur quia. Porro accusamus sed vero repudiandae est. Et repellat iusto ducimus eaque eligendi ad.', 5, 'hyatt.lee');
INSERT INTO `review` (`ReviewID`, `Content`, `Rating`, `ReviewerName`) VALUES (99816154, 'Ipsa voluptatem dolorem nesciunt. Aperiam delectus ut laboriosam aliquid voluptas eaque. Ipsa deleniti ut a ut. Quia dolorem dolores nihil et qui voluptas. Quas modi libero est sequi.', 5, 'madelynn71');
INSERT INTO `review` (`ReviewID`, `Content`, `Rating`, `ReviewerName`) VALUES (99840943, 'Dolorem odio ad est. Qui voluptates accusantium quae eveniet vel non. Voluptatibus aut et fuga occaecati libero.', 1, 'abbott.emery');
INSERT INTO `review` (`ReviewID`, `Content`, `Rating`, `ReviewerName`) VALUES (99940524, 'Et fugiat atque inventore. Accusantium autem dolorem sed tenetur. Velit voluptate ratione est quia provident.\nExpedita doloremque quasi accusamus eos eaque nam. Qui tempore in esse maiores facere.', 5, 'johanna.barton');
INSERT INTO `review` (`ReviewID`, `Content`, `Rating`, `ReviewerName`) VALUES (99954001, 'Ratione qui recusandae qui esse temporibus commodi ea. Facere necessitatibus fugit ea nihil. Dolores totam blanditiis et laudantium quasi numquam quis.', 2, 'orlo.hills');
INSERT INTO `review` (`ReviewID`, `Content`, `Rating`, `ReviewerName`) VALUES (99966661, 'Eius natus non quasi aut aliquid voluptatem. Incidunt maiores modi reiciendis officia. Fuga laborum cupiditate architecto. Et ut in aliquid porro distinctio voluptatem.', 5, 'homenick.nina');

INSERT INTO storereview VALUES
 (54048373,10170)
,(54063085,10623)
,(54068948,11364)
,(54088677,11972)
,(54104880,12023)
,(54349984,12038)
,(54499356,12641)
,(54547542,12792)
,(54568965,13733)
,(54574314,15413)
,(54584963,15668)
,(54629813,16116)
,(54720553,17955)
,(54938076,18336)
,(54952293,18609)
,(54954942,19386)
,(54959971,20113)
,(55095204,20308)
,(55112906,20430)
,(55222678,21062)
,(55234981,22257)
,(55352255,23268)
,(55352444,23427)
,(55422623,23891)
,(55466373,26404)
,(55571500,26774)
,(55608638,26907)
,(55765298,28598)
,(55793391,33458)
,(55852902,33801)
,(55875300,34136)
,(55969658,36121)
,(56063081,37078)
,(56085787,39040)
,(56088943,39155)
,(56138240,39847)
,(56155324,40592)
,(56204365,41153)
,(56214280,41589)
,(56228720,43175)
,(56258003,44499)
,(56511942,45953)
,(56622744,46653)
,(56744920,46788)
,(56848421,46789)
,(57002330,47899)
,(57297772,48791)
,(57317088,49237)
,(57549597,50386)
,(57788051,52093)
,(57797419,54545)
,(57934108,55130)
,(57953993,55804)
,(57987297,55947)
,(58002755,56330)
,(58047924,58661)
,(58076470,59190)
,(58123436,59420)
,(58200260,61636)
,(58264028,62148)
,(58272466,62321)
,(58285901,62513)
,(58294858,63012)
,(58325823,63145)
,(58332872,64257)
,(58369993,65346)
,(58484448,66623)
,(58775847,66652)
,(58951419,66656)
,(59003857,67015)
,(59028802,67300)
,(59132003,67811)
,(59296342,68052)
,(59355615,72806)
,(59374096,75563)
,(59511282,76675)
,(59516354,77125)
,(59522659,78645)
,(59549481,80289)
,(59672768,81362)
,(59718106,82509)
,(59848473,82987)
,(59965848,83043)
,(60025809,83128)
,(60031732,84001)
,(60050744,85773)
,(60133722,85811)
,(60154650,86128)
,(60255084,87601)
,(60259423,87952)
,(60275652,88565)
,(60275806,91102)
,(60303279,92031)
,(60316539,92602)
,(60384090,92702)
,(60392832,94303)
,(60414712,96438)
,(60416472,96994)
,(60622569,98951)
,(60644307,99437)
,(60798591,10170)
,(60985075,10623)
,(61111520,11364)
,(61165245,11972)
,(61259429,12023)
,(61309235,12038)
,(61378268,12641)
,(61591583,12792)
,(61821008,13733)
,(61972620,15413)
,(62204341,15668)
,(62214862,16116)
,(62687874,17955)
,(62707281,18336)
,(62720221,18609)
,(62779446,19386)
,(62890933,20113)
,(62894076,20308)
,(62895862,20430)
,(62913344,21062)
,(62988570,22257)
,(63061104,23268)
,(63102053,23427)
,(63184189,23891)
,(63284589,26404)
,(63299513,26774)
,(63312879,26907)
,(63328499,28598)
,(63332105,33458)
,(63427676,33801)
,(63438656,34136)
,(63491931,36121)
,(63555057,37078)
,(63588497,39040)
,(63594055,39155)
,(63689283,39847)
,(63772441,40592)
,(63928029,41153)
,(64102273,41589)
,(64222425,43175)
,(64290127,44499)
,(64409578,45953)
,(64492346,46653)
,(64521625,46788)
,(64622636,46789)
,(64706693,47899)
,(64777037,48791)
,(64787602,49237)
,(64858980,50386)
,(65003124,52093)
,(65008659,54545)
,(65037109,55130)
,(65083961,55804)
,(65210332,55947)
,(65312262,56330)
,(65380993,58661)
,(65416836,59190)
,(65467380,59420)
,(65477497,61636)
,(65569663,62148)
,(65576012,62321)
,(65705133,62513)
,(65907221,63012)
,(65945940,63145)
,(65994159,64257)
,(66026684,65346)
,(66045816,66623)
,(66098954,66652)
,(66128822,66656)
,(66528491,67015)
,(66539396,67300)
,(66622418,67811)
,(66691365,68052)
,(66816727,72806)
,(66890379,75563)
,(66902867,76675)
,(66975843,77125)
,(67023891,78645)
,(67087330,80289)
,(67129500,81362)
,(67132101,82509)
,(67142834,82987)
,(67313890,83043)
,(67315391,83128)
,(67451816,84001)
,(67474141,85773)
,(67494763,85811)
,(67621396,86128)
,(67678405,87601)
,(67681250,87952)
,(67688422,88565)
,(67694789,91102)
,(67843390,92031)
,(67976602,92602)
,(68033709,92702)
,(68126621,94303)
,(68161264,96438)
,(68303922,96994)
,(68331787,98951)
,(68352939,99437)
,(68637464,10170)
,(68673690,10623)
,(68673885,11364)
,(69085412,11972)
,(69254946,12023)
,(69442400,12038)
,(69494518,12641)
,(69502900,12792)
,(69503008,13733)
,(69509809,15413)
,(69672100,15668)
,(69687269,16116)
,(69736141,17955)
,(70073401,18336)
,(70212982,18609)
,(70285410,19386)
,(70291672,20113)
,(70328942,20308)
,(70332182,20430)
,(70387190,21062)
,(70410489,22257)
,(70414628,23268)
,(70486231,23427)
,(70721103,23891)
,(70869135,26404)
,(70966653,26774)
,(71006542,26907)
,(71028140,28598)
,(71032966,33458)
,(71063180,33801)
,(71076552,34136)
,(71132911,36121)
,(71205372,37078)
,(71267797,39040)
,(71290253,39155)
,(71305882,39847)
,(71315214,40592)
,(71348431,41153)
,(71536762,41589)
,(71551640,43175)
,(71595033,44499)
,(71729900,45953)
,(71762430,46653)
,(71790851,46788)
,(71877288,46789)
,(72066445,47899)
,(72133836,48791)
,(72260510,49237)
,(72271882,50386)
,(72436986,52093)
,(72452358,54545)
,(72473038,55130)
,(72605627,55804)
,(72892148,55947)
,(72989979,56330)
,(73026623,58661)
,(73539416,59190)
,(73621471,59420)
,(73652313,61636)
,(73703756,62148)
,(73773788,62321)
,(73957058,62513)
,(74022480,63012)
,(74055678,63145)
,(74195187,64257)
,(74494172,65346)
,(74504679,66623)
,(74580031,66652)
,(74887639,66656)
,(74990545,67015)
,(75015193,67300)
,(75028370,67811)
,(75065242,68052)
,(75456059,72806)
,(75567870,75563)
,(75583000,76675)
,(75633687,77125)
,(75695008,78645)
,(75826639,80289)
,(75860935,81362)
,(75871237,82509)
,(75909893,82987)
,(75958943,83043)
,(76151959,83128)
,(76354315,84001)
,(76402192,85773)
,(76427789,85811)
,(76429091,86128)
,(76444169,87601)
,(76495385,87952)
,(76599672,88565)
,(76609061,91102)
,(76679718,92031)
,(76702526,92602)
,(76772060,92702)
,(76775312,94303)
,(76796720,96438)
,(76985890,96994)
,(77139943,98951)
,(77220983,99437)
,(77359604,10170)
,(77460141,10623)
,(77528866,11364)
,(77566992,11972)
,(77817743,12023)
,(77828612,12038)
,(78081320,12641)
,(78107230,12792)
,(78186301,13733)
,(78394867,15413)
,(78467422,15668)
,(78483091,16116)
,(78622743,17955)
,(78691254,18336)
,(78936349,18609)
,(79025655,19386)
,(79094100,20113)
,(79102512,20308)
,(79153695,20430)
,(79243303,21062)
,(79250082,22257)
,(79479941,23268)
,(79489306,23427)
,(79491720,23891)
,(79575114,26404)
,(79674668,26774)
,(79711615,26907)
,(80149305,28598)
,(80273329,33458)
,(80295993,33801)
,(80578718,34136)
,(80789557,36121)
,(80958720,37078)
,(80998659,39040)
,(81442481,39155)
,(81630284,39847)
,(81631578,40592)
,(81661961,41153)
,(81808286,41589)
,(82001913,43175)
,(82012879,44499)
,(82103290,45953)
,(82109943,46653)
,(82216389,46788)
,(82316241,46789)
,(82467054,47899)
,(82518644,48791)
,(82659107,49237)
,(82741158,50386)
,(82794234,52093)
,(82918985,54545)
,(83018237,55130)
,(83310401,55804)
,(83341791,55947)
,(83420858,56330)
,(83497056,58661)
,(83524297,59190)
,(83556681,59420)
,(83581745,61636)
,(83644024,62148)
,(83809356,62321)
,(83820822,62513)
,(83825049,63012)
,(83952766,63145)
,(84077981,64257)
,(84107412,65346)
,(84123496,66623)
,(84219359,66652)
,(84257506,66656)
,(84380110,67015)
,(84424956,67300)
,(84469544,67811)
,(84487784,68052)
,(84500750,72806)
,(84654075,75563)
,(84762995,76675)
,(85070254,77125)
,(85117276,78645)
,(85133463,80289)
,(85270057,81362)
,(85319370,82509)
,(85400021,82987)
,(85400815,83043)
,(85496589,83128)
,(85660081,84001)
,(85740585,85773)
,(85915490,85811)
,(85945087,86128)
,(86037466,87601)
,(86156270,87952)
,(86212260,88565)
,(86212814,91102)
,(86395094,92031)
,(86439818,92602)
,(86648897,92702)
,(86828035,94303)
,(86835218,96438)
,(86849748,96994)
,(87223818,98951)
,(87263687,99437)
,(87642106,10170)
,(87917900,10623)
,(87970747,11364)
,(87985193,11972)
,(88178347,12023)
,(88415167,12038)
,(88482465,12641)
,(88776518,12792)
,(88778270,13733)
,(88928117,15413)
,(89131507,15668)
,(89135873,16116)
,(89199000,17955)
,(89232792,18336)
,(89292006,18609)
,(89459944,19386)
,(89482887,20113)
,(89489302,20308)
,(89619826,20430)
,(89704835,21062)
,(89922775,22257)
,(90108149,23268)
,(90146106,23427)
,(90305405,23891)
,(90377514,26404)
,(90505657,26774)
,(90562829,26907)
,(90678844,28598)
,(90852729,33458)
,(90920324,33801)
,(91039279,34136)
,(91043256,36121)
,(91108665,37078)
,(91133374,39040)
,(91253472,39155)
,(91352823,39847)
,(91378344,40592)
,(91441885,41153)
,(91518997,41589)
,(91583922,43175)
,(91626307,44499)
,(91647244,45953)
,(91658671,46653)
,(91715076,46788)
,(91930988,46789)
,(91950410,47899)
,(92140165,48791)
,(92207182,49237)
,(92367612,50386)
,(92630192,52093)
,(92707994,54545)
,(92798518,55130)
,(92913485,55804)
,(92999621,55947)
,(93052478,56330)
,(93067289,58661)
,(93136732,59190)
,(93454872,59420)
,(93461145,61636)
,(93486966,62148)
,(93569086,62321)
,(93669179,62513)
,(93682511,63012)
,(93725606,63145)
,(94066767,64257)
,(94152733,65346)
,(94166724,66623)
,(94232991,66652)
,(94337496,66656)
,(94746049,67015)
,(94773631,67300)
,(94864029,67811)
,(94993376,68052)
,(95007767,72806)
,(95098957,75563)
,(95144427,76675)
,(95235031,77125)
,(95254382,78645)
,(95257274,80289)
,(95286592,81362)
,(95290409,82509)
,(95537203,82987)
,(95612684,83043)
,(95956110,83128)
,(96095698,84001)
,(96215516,85773)
,(96221681,85811)
,(96281230,86128)
,(96676226,87601)
,(96786675,87952)
,(96954062,88565)
,(96982937,91102)
,(97056525,92031)
,(97090495,92602)
,(97126427,92702)
,(97141282,94303)
,(97142672,96438)
,(97159007,96994)
,(97162015,98951)
,(97248099,99437)
,(97320208,10170)
,(97358593,10623)
,(97597119,11364)
,(97655310,11972)
,(97717198,12023)
,(97749016,12038)
,(97750883,12641)
,(97756421,12792)
,(97847244,13733)
,(98036117,15413)
,(98056673,15668)
,(98437079,16116)
,(98531453,17955)
,(98668672,18336)
,(99223325,18609)
,(99259431,19386)
,(99347866,20113)
,(99514058,20308)
,(99535962,20430)
,(99563233,21062)
,(99611872,22257)
,(99714946,23268)
,(99722756,23427)
,(99726950,23891)
,(99811214,26404)
,(99816154,26774)
,(99840943,26907)
,(99940524,28598)
,(99954001,33458)
,(99966661,33801);


INSERT INTO carries VALUES
 (12908337,'New',10170,36,433.2,223,'2018-03-18')
,(13416487,'New',10623,21,99.2,30,'2019-01-19')
,(13707961,'New',11364,10,126.35,27,'2018-11-18')
,(14101293,'New',11972,50,417.34,304,'2019-06-19')
,(14718436,'New',12023,23,180.95,103,'2018-12-18')
,(14936189,'New',12038,14,246.89,218,'2019-12-19')
,(17039564,'New',12641,42,56.24,155,'2018-07-18')
,(17167662,'New',12792,26,311.9,95,'2019-04-19')
,(19108246,'New',13733,29,122.6,164,'2018-10-18')
,(20053970,'New',10170,25,430.8,14,'2019-04-19')
,(21784758,'New',15668,20,493.84,66,'2019-03-19')
,(22319874,'New',16116,45,340.05,173,'2018-09-18')
,(22916299,'New',17955,17,298.21,254,'2018-11-18')
,(23209036,'New',18336,34,145.05,204,'2018-05-18')
,(23856232,'New',18609,23,60.46,254,'2019-11-19')
,(24339391,'New',19386,3,318.42,63,'2019-01-19')
,(26527839,'New',20113,26,310.35,262,'2019-03-19')
,(26551174,'New',20308,7,194.16,247,'2018-11-18')
,(27991525,'New',20430,47,59.93,104,'2018-09-18')
,(28195562,'New',21062,1,462.71,229,'2019-04-19')
,(29422640,'New',22257,48,375.52,208,'2019-07-19')
,(33022821,'New',23268,42,426.15,328,'2018-02-18')
,(33088304,'New',23427,0,379.82,274,'2019-11-19')
,(33203100,'New',23891,6,398.45,43,'2018-02-18')
,(33240343,'New',10170,37,27.77,28,'2019-12-19')
,(33479338,'New',26774,48,385.66,138,'2019-06-19')
,(33583277,'New',26907,21,362.82,345,'2018-03-18')
,(33944981,'New',28598,0,467.61,216,'2018-03-18')
,(34030672,'New',33458,23,104.39,7,'2018-01-18')
,(34604413,'New',33801,15,25.01,23,'2019-10-19')
,(34729873,'New',34136,2,375.09,132,'2019-03-19')
,(34888340,'New',36121,10,282.53,324,'2019-04-19')
,(36650562,'New',37078,33,151.99,25,'2019-02-19')
,(37543453,'New',39040,43,303.55,291,'2019-09-19')
,(40001360,'New',10170,19,396.99,320,'2018-09-18')
,(40543363,'New',39847,33,17.11,174,'2018-07-18')
,(42483077,'New',40592,16,443.28,6,'2019-07-19')
,(42566435,'New',41153,38,303.11,240,'2018-09-18')
,(42682192,'New',41589,36,29.46,265,'2018-10-18')
,(44332664,'New',43175,34,178.46,87,'2019-01-19')
,(45074443,'New',44499,20,144.59,152,'2019-08-19')
,(48248642,'New',45953,48,32,329,'2018-04-18')
,(48875857,'New',46653,33,415.86,165,'2018-07-18')
,(49698587,'New',46788,46,265.97,282,'2019-02-19')
,(50953324,'New',98951,50,226.74,110,'2018-11-18')
,(51375043,'New',99437,26,248.01,314,'2018-02-18')
,(51972186,'New',20113,21,15.47,218,'2019-11-19')
,(52309467,'Used',98951,25,29.21,205,'2019-06-19')
,(52736506,'Used',99437,11,425.96,75,'2019-01-19')
,(53108670,'Used',20113,7,350.54,140,'2018-11-18')
,(54157706,'Used',98951,37,301.46,78,'2018-09-18')
,(55824954,'Used',99437,41,197,285,'2018-03-18')
,(56350587,'Used',20113,50,345.6,230,'2019-01-19')
,(57071215,'Used',98951,41,471.84,287,'2019-09-19')
,(57454246,'Used',99437,16,39.66,278,'2019-06-19')
,(58732634,'Used',99437,24,165.27,98,'2019-12-19')
,(58983148,'Used',20113,1,415.1,334,'2019-07-19')
,(59016638,'Used',98951,11,469.23,121,'2018-05-18')
,(60073587,'Used',99437,25,164.83,138,'2019-12-19')
,(62445878,'Used',98951,32,6.05,309,'2019-03-19')
,(63563653,'Used',98951,20,403.23,244,'2019-10-19')
,(65398862,'Used',99437,20,387.71,228,'2018-06-18')
,(65728472,'Used',20113,15,428.34,97,'2019-07-19')
,(66525033,'Used',98951,35,337.56,248,'2018-07-18')
,(66665356,'Used',99437,41,352.75,171,'2018-01-18')
,(66856849,'Used',98951,49,198.58,77,'2018-09-18')
,(68376318,'Used',98951,26,368.1,85,'2019-02-19')
,(68841198,'Used',99437,7,150.21,16,'2019-02-19')
,(68883175,'Used',23427,40,81.72,49,'2018-09-18')
,(70153813,'Used',23891,2,150.91,44,'2019-05-19')
,(70391719,'Used',10170,50,86.93,221,'2018-05-18')
,(72547256,'Used',26774,18,392.52,14,'2018-12-18')
,(74134625,'Used',26907,7,161.59,53,'2018-08-18')
,(74505072,'Used',28598,5,142.2,308,'2019-01-19')
,(75213160,'Used',33458,45,240,310,'2019-09-19')
,(75412890,'Used',33801,44,276.45,201,'2018-04-18')
,(75718903,'Used',34136,43,370.01,175,'2018-07-18')
,(77279111,'Used',36121,29,139.4,154,'2019-09-19')
,(78140704,'Used',37078,31,404.93,21,'2019-08-19')
,(78373017,'Used',39040,21,37.62,48,'2018-04-18')
,(79657526,'Used',10170,10,204.43,85,'2019-08-19')
,(79872832,'Used',81362,41,305.94,292,'2018-09-18')
,(80264226,'Used',82509,30,63.64,3,'2018-12-18')
,(81016581,'Used',82987,50,478.08,270,'2019-02-19')
,(81342756,'Used',83043,6,327.59,19,'2018-03-18')
,(81636601,'Used',83128,17,183.05,149,'2019-07-19')
,(82716447,'Used',84001,45,435.48,101,'2018-08-18')
,(84868637,'Used',85773,41,190.43,262,'2018-03-18')
,(85663097,'Used',85811,27,307.62,46,'2019-11-19')
,(89015083,'Used',86128,43,399.07,135,'2019-05-19')
,(90058880,'Used',87601,46,495.43,112,'2019-11-19')
,(92232363,'Used',87952,47,277.92,325,'2019-06-19')
,(94005467,'Used',88565,27,339.06,112,'2018-09-18')
,(94288459,'Used',91102,41,132.36,51,'2018-03-18')
,(94851912,'Used',92031,17,356.59,42,'2019-02-19')
,(95275249,'Used',92602,48,173.74,158,'2018-07-18')
,(95991614,'Used',92702,33,423.9,337,'2018-04-18')
,(96055071,'Used',94303,31,36.06,254,'2019-10-19')
,(97939964,'Used',96438,28,143.31,346,'2018-07-18')
,(99067190,'Used',96994,3,151.87,316,'2019-01-19');


INSERT INTO itemcategory VALUES
 (12908337,'New','Sports')
,(13416487,'New','Home & Garden')
,(13707961,'New','Technology')
,(14101293,'New','Technology')
,(14718436,'New','Technology')
,(14936189,'New','Home & Garden')
,(17039564,'New','Technology')
,(17167662,'New','Gifts')
,(19108246,'New','Home & Garden')
,(20053970,'New','Gifts')
,(21784758,'New','Gifts')
,(22319874,'New','Jewlery')
,(22916299,'New','Jewlery')
,(23209036,'New','Technology')
,(23856232,'New','Technology')
,(24339391,'New','Books')
,(26527839,'New','Books')
,(26551174,'New','Books')
,(27991525,'New','Books')
,(28195562,'New','Sports')
,(29422640,'New','Sports')
,(33022821,'New','Sports')
,(33088304,'New','Sports')
,(33203100,'New','Sports')
,(33240343,'New','Sports')
,(33479338,'New','Sports')
,(33583277,'New','Sports')
,(33944981,'New','Sports')
,(34030672,'New','Sports')
,(34604413,'New','Sports')
,(34729873,'New','Sports')
,(34888340,'New','Jewlery')
,(36650562,'New','Gifts')
,(37543453,'New','Gifts')
,(40001360,'New','Gifts')
,(40543363,'New','Jewlery')
,(42483077,'New','Jewlery')
,(42566435,'New','Jewlery')
,(42682192,'New','Technology')
,(44332664,'New','Technology')
,(45074443,'New','Technology')
,(48248642,'New','Technology')
,(48875857,'New','Jewlery')
,(49698587,'New','Jewlery')
,(50953324,'New','Jewlery')
,(51375043,'New','Gifts')
,(51972186,'New','Gifts')
,(52309467,'Used','Gifts')
,(52736506,'Used','Gifts')
,(53108670,'Used','Jewlery')
,(54157706,'Used','Books')
,(55824954,'Used','Books')
,(56350587,'Used','Books')
,(57071215,'Used','Books')
,(57454246,'Used','Technology')
,(58732634,'Used','Technology')
,(58983148,'Used','Technology')
,(59016638,'Used','Technology')
,(60073587,'Used','Technology')
,(62445878,'Used','Jewlery')
,(63563653,'Used','Jewlery')
,(65398862,'Used','Jewlery')
,(65728472,'Used','Jewlery')
,(66525033,'Used','Jewlery')
,(66665356,'Used','Jewlery')
,(66856849,'Used','Books')
,(68376318,'Used','Books')
,(68841198,'Used','Books')
,(68883175,'Used','Books')
,(70153813,'Used','Books')
,(70391719,'Used','Books')
,(72547256,'Used','Books')
,(74134625,'Used','Books')
,(74505072,'Used','Books')
,(75213160,'Used','Books')
,(75412890,'Used','Books')
,(75718903,'Used','Books')
,(77279111,'Used','Books')
,(78140704,'Used','Books')
,(78373017,'Used','Books')
,(79657526,'Used','Books')
,(79872832,'Used','Books')
,(80264226,'Used','Jewlery')
,(81016581,'Used','Jewlery')
,(81342756,'Used','Jewlery')
,(81636601,'Used','Jewlery')
,(82716447,'Used','Jewlery')
,(84868637,'Used','Jewlery')
,(85663097,'Used','Jewlery')
,(89015083,'Used','Jewlery')
,(90058880,'Used','Books')
,(92232363,'Used','Books')
,(94005467,'Used','Books')
,(94288459,'Used','Home & Garden')
,(94851912,'Used','Home & Garden')
,(95275249,'Used','Home & Garden')
,(95991614,'Used','Home & Garden')
,(96055071,'Used','Home & Garden')
,(97939964,'Used','Home & Garden')
,(99067190,'Used','Home & Garden');

INSERT INTO itemreview VALUES
 (10035036,'12908337','New')
,(10081556,'13416487','New')
,(10084456,'13707961','New')
,(10210858,'14101293','New')
,(10423695,'14718436','New')
,(10508450,'14936189','New')
,(10512914,'17039564','New')
,(10545527,'17167662','New')
,(10564808,'19108246','New')
,(10595120,'20053970','New')
,(10659938,'21784758','New')
,(10683602,'22319874','New')
,(10698465,'22916299','New')
,(10699108,'23209036','New')
,(10730479,'23856232','New')
,(10754099,'24339391','New')
,(10787095,'26527839','New')
,(10914881,'26551174','New')
,(10915662,'27991525','New')
,(10932552,'28195562','New')
,(11143379,'29422640','New')
,(11170164,'33022821','New')
,(11236181,'33088304','New')
,(11385926,'33203100','New')
,(11505823,'33240343','New')
,(11508304,'33479338','New')
,(11538232,'33583277','New')
,(11602304,'33944981','New')
,(11645497,'34030672','New')
,(11818168,'34604413','New')
,(11832821,'34729873','New')
,(11909994,'34888340','New')
,(12020501,'36650562','New')
,(12296062,'37543453','New')
,(12354404,'40001360','New')
,(12415111,'40543363','New')
,(12419431,'42483077','New')
,(12683446,'42566435','New')
,(12700654,'42682192','New')
,(12724706,'44332664','New')
,(12791296,'45074443','New')
,(12960276,'48248642','New')
,(12989421,'48875857','New')
,(13006495,'49698587','New')
,(13218845,'50953324','New')
,(13230642,'51375043','New')
,(13241769,'51972186','New')
,(13351064,'52309467','Used')
,(13669127,'52736506','Used')
,(13680967,'53108670','Used')
,(13738538,'54157706','Used')
,(13766908,'55824954','Used')
,(13767331,'56350587','Used')
,(13772171,'57071215','Used')
,(13851068,'57454246','Used')
,(13851947,'58732634','Used')
,(13933151,'58983148','Used')
,(13942563,'59016638','Used')
,(14036756,'60073587','Used')
,(14098670,'62445878','Used')
,(14245986,'63563653','Used')
,(14300408,'65398862','Used')
,(14525616,'65728472','Used')
,(14571338,'66525033','Used')
,(14604328,'66665356','Used')
,(14925617,'66856849','Used')
,(15291998,'68376318','Used')
,(15311344,'68841198','Used')
,(15455925,'68883175','Used')
,(15619712,'70153813','Used')
,(15835840,'70391719','Used')
,(15933084,'72547256','Used')
,(16048549,'74134625','Used')
,(16078150,'74505072','Used')
,(16124370,'75213160','Used')
,(16165384,'75412890','Used')
,(16289108,'75718903','Used')
,(16339403,'77279111','Used')
,(16410229,'78140704','Used')
,(16417233,'78373017','Used')
,(16464050,'79657526','Used')
,(16499000,'79872832','Used')
,(16565436,'80264226','Used')
,(16624518,'81016581','Used')
,(16670333,'81342756','Used')
,(16677494,'81636601','Used')
,(16778116,'82716447','Used')
,(16786865,'84868637','Used')
,(16822064,'85663097','Used')
,(17043367,'89015083','Used')
,(17218084,'90058880','Used')
,(17221116,'92232363','Used')
,(17291861,'94005467','Used')
,(17297931,'94288459','Used')
,(17327244,'94851912','Used')
,(17357367,'95275249','Used')
,(17419912,'95991614','Used')
,(17423507,'96055071','Used')
,(17508031,'97939964','Used')
,(17609843,'99067190','Used')
,(17727674,'12908337','New')
,(17769905,'13416487','New')
,(17835924,'13707961','New')
,(17946241,'14101293','New')
,(18032557,'14718436','New')
,(18183212,'14936189','New')
,(18277976,'17039564','New')
,(18337616,'17167662','New')
,(18495459,'19108246','New')
,(18559486,'20053970','New')
,(18560009,'21784758','New')
,(18618090,'22319874','New')
,(18871217,'22916299','New')
,(18893181,'23209036','New')
,(18913559,'23856232','New')
,(18942663,'24339391','New')
,(18958478,'26527839','New')
,(18988525,'26551174','New')
,(19072441,'27991525','New')
,(19082100,'28195562','New')
,(19200933,'29422640','New')
,(19387943,'33022821','New')
,(19467468,'33088304','New')
,(19519783,'33203100','New')
,(19522992,'33240343','New')
,(19599169,'33479338','New')
,(19634920,'33583277','New')
,(19859842,'33944981','New')
,(19911175,'34030672','New')
,(19917505,'34604413','New')
,(19928362,'34729873','New')
,(19964383,'34888340','New')
,(20140517,'36650562','New')
,(20146543,'37543453','New')
,(20165206,'40001360','New')
,(20173424,'40543363','New')
,(20234834,'42483077','New')
,(20236064,'42566435','New')
,(20356861,'42682192','New')
,(20369221,'44332664','New')
,(20452809,'45074443','New')
,(20655768,'48248642','New')
,(20709320,'48875857','New')
,(20726544,'49698587','New')
,(20803601,'50953324','New')
,(20976648,'51375043','New')
,(21016578,'51972186','New')
,(21061139,'52309467','Used')
,(21240173,'52736506','Used')
,(21326459,'53108670','Used')
,(21330512,'54157706','Used')
,(21409473,'55824954','Used')
,(21462023,'56350587','Used')
,(21495190,'57071215','Used')
,(21529590,'57454246','Used')
,(21607302,'58732634','Used')
,(21646781,'58983148','Used')
,(21710620,'59016638','Used')
,(21819276,'60073587','Used')
,(21968249,'62445878','Used')
,(22240048,'63563653','Used')
,(22266002,'65398862','Used')
,(22266430,'65728472','Used')
,(22512832,'66525033','Used')
,(22609978,'66665356','Used')
,(22863004,'66856849','Used')
,(23044722,'68376318','Used')
,(23076432,'68841198','Used')
,(23147155,'68883175','Used')
,(23340825,'70153813','Used')
,(23385431,'70391719','Used')
,(23414844,'72547256','Used')
,(23494480,'74134625','Used')
,(23577357,'74505072','Used')
,(23640709,'75213160','Used')
,(23662222,'75412890','Used')
,(23670377,'75718903','Used')
,(23750228,'77279111','Used')
,(23856054,'78140704','Used')
,(23859403,'78373017','Used')
,(24066639,'79657526','Used')
,(24088504,'79872832','Used')
,(24155776,'80264226','Used')
,(24214062,'81016581','Used')
,(24370938,'81342756','Used')
,(24579467,'81636601','Used')
,(24724784,'82716447','Used')
,(24858314,'84868637','Used')
,(25056807,'85663097','Used')
,(25110744,'89015083','Used')
,(25178106,'90058880','Used')
,(25223840,'92232363','Used')
,(25237418,'94005467','Used')
,(25247976,'94288459','Used')
,(25351462,'94851912','Used')
,(25548670,'95275249','Used')
,(25631035,'95991614','Used')
,(25786002,'96055071','Used')
,(25793277,'97939964','Used')
,(26136601,'99067190','Used')
,(26245430,'12908337','New')
,(26289294,'13416487','New')
,(26432514,'13707961','New')
,(26519472,'14101293','New')
,(26817505,'14718436','New')
,(26839222,'14936189','New')
,(27221507,'17039564','New')
,(27316495,'17167662','New')
,(27419221,'19108246','New')
,(27599075,'20053970','New')
,(27811861,'21784758','New')
,(27951384,'22319874','New')
,(28023544,'22916299','New')
,(28042090,'23209036','New')
,(28204144,'23856232','New')
,(28279783,'24339391','New')
,(28380320,'26527839','New')
,(28393621,'26551174','New')
,(28625631,'27991525','New')
,(28709175,'28195562','New')
,(28786407,'29422640','New')
,(29060678,'33022821','New')
,(29111979,'33088304','New')
,(29115273,'33203100','New')
,(29165772,'33240343','New')
,(29214739,'33479338','New')
,(29225629,'33583277','New')
,(29242430,'33944981','New')
,(29269315,'34030672','New')
,(29304284,'34604413','New')
,(29372152,'34729873','New')
,(29537724,'34888340','New')
,(29631141,'36650562','New')
,(29644509,'37543453','New')
,(29677995,'40001360','New')
,(29843267,'40543363','New')
,(29857810,'42483077','New')
,(30184926,'42566435','New')
,(30385208,'42682192','New')
,(30449384,'44332664','New')
,(30483832,'45074443','New')
,(30506173,'48248642','New')
,(30533400,'48875857','New')
,(30560094,'49698587','New')
,(30631241,'50953324','New')
,(30716680,'51375043','New')
,(30811722,'51972186','New')
,(31124006,'52309467','Used')
,(31187533,'52736506','Used')
,(31245326,'53108670','Used')
,(31446462,'54157706','Used')
,(31456855,'55824954','Used')
,(31478574,'56350587','Used')
,(31515344,'57071215','Used')
,(31590803,'57454246','Used')
,(31597963,'58732634','Used')
,(31628180,'58983148','Used')
,(31797331,'59016638','Used')
,(31874271,'60073587','Used')
,(31877771,'62445878','Used')
,(31980389,'63563653','Used')
,(32058945,'65398862','Used')
,(32121821,'65728472','Used')
,(32126279,'66525033','Used')
,(32292911,'66665356','Used')
,(32325766,'66856849','Used')
,(32389770,'68376318','Used')
,(32643430,'68841198','Used')
,(32716164,'68883175','Used')
,(32847885,'70153813','Used')
,(33094140,'70391719','Used')
,(33279119,'72547256','Used')
,(33386589,'74134625','Used')
,(33435951,'74505072','Used')
,(33485318,'75213160','Used')
,(33629708,'75412890','Used')
,(33749982,'75718903','Used')
,(34371423,'77279111','Used')
,(34516647,'78140704','Used')
,(34652148,'78373017','Used')
,(34723111,'79657526','Used')
,(34724033,'79872832','Used')
,(34814496,'80264226','Used')
,(34917919,'81016581','Used')
,(34974028,'81342756','Used')
,(35009924,'81636601','Used')
,(35022303,'82716447','Used')
,(35356034,'84868637','Used')
,(35381373,'85663097','Used')
,(35435349,'89015083','Used')
,(35455218,'90058880','Used')
,(35513124,'92232363','Used')
,(35561879,'94005467','Used')
,(35705691,'94288459','Used')
,(35759349,'94851912','Used')
,(35823820,'95275249','Used')
,(35951794,'95991614','Used')
,(36128753,'96055071','Used')
,(36136920,'97939964','Used')
,(36265213,'99067190','Used')
,(36326007,'12908337','New')
,(36440726,'13416487','New')
,(36512025,'13707961','New')
,(36594709,'14101293','New')
,(36683529,'14718436','New')
,(36791671,'14936189','New')
,(36827139,'17039564','New')
,(37016924,'17167662','New')
,(37042048,'19108246','New')
,(37068709,'20053970','New')
,(37084082,'21784758','New')
,(37089666,'22319874','New')
,(37117738,'22916299','New')
,(37274086,'23209036','New')
,(37374712,'23856232','New')
,(37608585,'24339391','New')
,(37878747,'26527839','New')
,(37940415,'26551174','New')
,(37992397,'27991525','New')
,(38005502,'28195562','New')
,(38063765,'29422640','New')
,(38094336,'33022821','New')
,(38110964,'33088304','New')
,(38240695,'33203100','New')
,(38271903,'33240343','New')
,(38279093,'33479338','New')
,(38444439,'33583277','New')
,(38569046,'33944981','New')
,(38775604,'34030672','New')
,(38818554,'34604413','New')
,(38905424,'34729873','New')
,(39007296,'34888340','New')
,(39055008,'36650562','New')
,(39119687,'37543453','New')
,(39269820,'40001360','New')
,(39482519,'40543363','New')
,(39545209,'42483077','New')
,(40000321,'42566435','New')
,(40234767,'42682192','New')
,(40413476,'44332664','New')
,(40466069,'45074443','New')
,(40499368,'48248642','New')
,(40541040,'48875857','New')
,(40643895,'49698587','New')
,(40676509,'50953324','New')
,(40823675,'51375043','New')
,(41176938,'51972186','New')
,(41566328,'52309467','Used')
,(41668622,'52736506','Used')
,(41693509,'53108670','Used')
,(41908829,'54157706','Used')
,(41994601,'55824954','Used')
,(42029932,'56350587','Used')
,(42137239,'57071215','Used')
,(42164481,'57454246','Used')
,(42173117,'58732634','Used')
,(42225959,'58983148','Used')
,(42242380,'59016638','Used')
,(42431752,'60073587','Used')
,(42591688,'62445878','Used')
,(42592275,'63563653','Used')
,(42622122,'65398862','Used')
,(42703628,'65728472','Used')
,(42704394,'66525033','Used')
,(42826969,'66665356','Used')
,(42889481,'66856849','Used')
,(42964262,'68376318','Used')
,(43004275,'68841198','Used')
,(43135552,'68883175','Used')
,(43145560,'70153813','Used')
,(43194702,'70391719','Used')
,(43258572,'72547256','Used')
,(43325267,'74134625','Used')
,(43531959,'74505072','Used')
,(43618646,'75213160','Used')
,(43658603,'75412890','Used')
,(43664373,'75718903','Used')
,(43733017,'77279111','Used')
,(43798215,'78140704','Used')
,(43944336,'78373017','Used')
,(44117821,'79657526','Used')
,(44171212,'79872832','Used')
,(44203999,'80264226','Used')
,(44255823,'81016581','Used')
,(44571154,'81342756','Used')
,(44647482,'81636601','Used')
,(44710550,'82716447','Used')
,(45122217,'84868637','Used')
,(45125391,'85663097','Used')
,(45245305,'89015083','Used')
,(45745333,'90058880','Used')
,(45808204,'92232363','Used')
,(46164422,'94005467','Used')
,(46539385,'94288459','Used')
,(47090975,'94851912','Used')
,(47285702,'95275249','Used')
,(47346069,'95991614','Used')
,(47686874,'96055071','Used')
,(47732915,'97939964','Used')
,(48012485,'99067190','Used')
,(48100528,'12908337','New')
,(48159642,'13416487','New')
,(48233973,'13707961','New')
,(48272704,'14101293','New')
,(48604264,'14718436','New')
,(48609653,'14936189','New')
,(48641479,'17039564','New')
,(48870998,'17167662','New')
,(48913660,'19108246','New')
,(48950729,'20053970','New')
,(48963394,'21784758','New')
,(49133642,'22319874','New')
,(49182668,'22916299','New')
,(49286634,'23209036','New')
,(49302357,'23856232','New')
,(49352716,'24339391','New')
,(49355260,'26527839','New')
,(49522820,'26551174','New')
,(49725341,'27991525','New')
,(49731507,'28195562','New')
,(49749811,'29422640','New')
,(49853079,'33022821','New')
,(49990937,'33088304','New')
,(50082463,'33203100','New')
,(50113571,'33240343','New')
,(50132542,'33479338','New')
,(50160292,'33583277','New')
,(50609689,'33944981','New')
,(50719774,'34030672','New')
,(50865422,'34604413','New')
,(50868669,'34729873','New')
,(51073811,'34888340','New')
,(51195726,'36650562','New')
,(51227951,'37543453','New')
,(51270546,'40001360','New')
,(51292532,'40543363','New')
,(51313124,'42483077','New')
,(51339917,'42566435','New')
,(51395043,'42682192','New')
,(51519513,'44332664','New')
,(51570400,'45074443','New')
,(51806313,'48248642','New')
,(51845468,'48875857','New')
,(51921713,'49698587','New')
,(51937642,'50953324','New')
,(52232008,'51375043','New')
,(52353782,'51972186','New')
,(52372794,'52309467','Used')
,(52487767,'52736506','Used')
,(52573184,'53108670','Used')
,(52640830,'54157706','Used')
,(52696582,'55824954','Used')
,(52796759,'56350587','Used')
,(52799381,'57071215','Used')
,(52828580,'57454246','Used')
,(52914262,'58732634','Used')
,(52996302,'58983148','Used')
,(53118143,'59016638','Used')
,(53159976,'60073587','Used')
,(53222783,'62445878','Used')
,(53226917,'63563653','Used')
,(53374166,'65398862','Used')
,(53454894,'65728472','Used')
,(53581640,'66525033','Used')
,(53602293,'66665356','Used')
,(53741295,'66856849','Used')
,(53889255,'68376318','Used')
,(53969685,'68841198','Used')
,(53971120,'68883175','Used')
,(53996495,'70153813','Used');
